<?xml version="1.0" encoding="UTF-8"?>
<gpx xmlns="http://www.topografix.com/GPX/1/1" version="1.1" creator="yerun-simplify-gpx">
  <wpt lat="40.415713" lon="116.537815">
  		<speed>0.000000</speed>
  		<ele>195.000000</ele>
  		<time>1970-01-01T00:00:00Z</time>
  		<name><![CDATA[CP3-慕田峪长城游客中心]]></name>
  	</wpt>
  <wpt lat="40.479305" lon="116.571530">
  		<speed>0.000000</speed>
  		<ele>468.000000</ele>
  		<time>2026-03-24T02:47:06Z</time>
  		<name><![CDATA[CP10-八道河]]></name>
  	</wpt>
  <wpt lat="40.465277" lon="116.595000">
  		<speed>0.000000</speed>
  		<ele>342.000000</ele>
  		<time>2026-03-24T03:08:38Z</time>
  		<name><![CDATA[CP11-交界河]]></name>
  	</wpt>
  <wpt lat="40.452120" lon="116.618662">
  		<speed>0.000000</speed>
  		<ele>241.000000</ele>
  		<time>2026-03-24T07:06:27Z</time>
  		<name><![CDATA[CP12-神堂峪自然风景区]]></name>
  	</wpt>
  <wpt lat="40.412503" lon="116.637993">
  		<speed>0.000000</speed>
  		<ele>118.000000</ele>
  		<time>2026-03-25T08:24:05Z</time>
  		<name><![CDATA[CP13-神堂太公营地]]></name>
  	</wpt>
  <wpt lat="40.375968" lon="116.653023">
  		<speed>0.000000</speed>
  		<ele>70.000000</ele>
  		<time>2026-03-27T02:24:05Z</time>
  		<name><![CDATA[S/F-雁栖湖国际会展中心]]></name>
  	</wpt>
  <wpt lat="40.393884" lon="116.579351">
  		<speed>0.000000</speed>
  		<ele>206.000000</ele>
  		<time>2026-03-27T04:14:10Z</time>
  		<name><![CDATA[CP2-灵慧山]]></name>
  	</wpt>
  <wpt lat="40.399373" lon="116.484926">
  		<speed>0.000000</speed>
  		<ele>161.000000</ele>
  		<time>2026-03-28T03:22:30Z</time>
  		<name><![CDATA[CP4-景峪]]></name>
  	</wpt>
  <wpt lat="40.408735" lon="116.414103">
  		<speed>0.000000</speed>
  		<ele>298.000000</ele>
  		<time>2026-03-28T05:23:24Z</time>
  		<name><![CDATA[CP5-兴隆城]]></name>
  	</wpt>
  <wpt lat="40.441805" lon="116.415129">
  		<speed>0.000000</speed>
  		<ele>333.000000</ele>
  		<time>2026-03-29T02:12:43Z</time>
  		<name><![CDATA[CP6-铁矿峪]]></name>
  	</wpt>
  <wpt lat="40.449249" lon="116.446058">
  		<speed>0.000000</speed>
  		<ele>301.000000</ele>
  		<time>2026-03-30T01:50:52Z</time>
  		<name><![CDATA[CP7-响水湖长城]]></name>
  	</wpt>
  <wpt lat="40.441604" lon="116.529399">
  		<speed>0.000000</speed>
  		<ele>242.000000</ele>
  		<time>2026-03-30T06:26:50Z</time>
  		<name><![CDATA[CP9-顺通虹鳟鱼度假村]]></name>
  	</wpt>
  <wpt lat="40.372758" lon="116.596893">
  		<speed>0.000000</speed>
  		<ele>124.000000</ele>
  		<time>2026-03-31T15:09:19Z</time>
  		<name><![CDATA[CP1-西山营地]]></name>
  	</wpt>
  <wpt lat="40.435452" lon="116.473773">
  		<speed>0.000000</speed>
  		<ele>229.000000</ele>
  		<time>2026-03-31T15:17:48Z</time>
  		<name><![CDATA[CP8-龙泉庄]]></name>
  	</wpt>
  <wpt lat="40.397174" lon="116.650917">
  		<speed>0.000000</speed>
  		<ele>126.000000</ele>
  		<time>2026-03-31T15:22:24Z</time>
  		<name><![CDATA[CP14-雁栖湖服务中心]]></name>
  	</wpt>
  <trk>
    <name>北京100</name>
    <trkseg>
      <trkpt lat="40.375951" lon="116.653021"><ele>40</ele></trkpt>
      <trkpt lat="40.37593" lon="116.652428"><ele>41</ele></trkpt>
      <trkpt lat="40.375657" lon="116.652015"><ele>43</ele></trkpt>
      <trkpt lat="40.375975" lon="116.652032"><ele>47</ele></trkpt>
      <trkpt lat="40.376394" lon="116.65216"><ele>51</ele></trkpt>
      <trkpt lat="40.376735" lon="116.652222"><ele>53</ele></trkpt>
      <trkpt lat="40.376338" lon="116.651966"><ele>58</ele></trkpt>
      <trkpt lat="40.376528" lon="116.651829"><ele>62</ele></trkpt>
      <trkpt lat="40.376924" lon="116.652001"><ele>62</ele></trkpt>
      <trkpt lat="40.377355" lon="116.652016"><ele>62</ele></trkpt>
      <trkpt lat="40.377745" lon="116.651724"><ele>61</ele></trkpt>
      <trkpt lat="40.378051" lon="116.651309"><ele>61</ele></trkpt>
      <trkpt lat="40.37836" lon="116.650914"><ele>60</ele></trkpt>
      <trkpt lat="40.378367" lon="116.650376"><ele>60</ele></trkpt>
      <trkpt lat="40.378256" lon="116.649813"><ele>60</ele></trkpt>
      <trkpt lat="40.378152" lon="116.649245"><ele>62</ele></trkpt>
      <trkpt lat="40.37802" lon="116.64868"><ele>63</ele></trkpt>
      <trkpt lat="40.377891" lon="116.648138"><ele>65</ele></trkpt>
      <trkpt lat="40.377759" lon="116.64753"><ele>67</ele></trkpt>
      <trkpt lat="40.377613" lon="116.64699"><ele>68</ele></trkpt>
      <trkpt lat="40.377436" lon="116.646415"><ele>69</ele></trkpt>
      <trkpt lat="40.377271" lon="116.64587"><ele>71</ele></trkpt>
      <trkpt lat="40.377175" lon="116.64536"><ele>71</ele></trkpt>
      <trkpt lat="40.377141" lon="116.644759"><ele>72</ele></trkpt>
      <trkpt lat="40.377237" lon="116.644122"><ele>72</ele></trkpt>
      <trkpt lat="40.377379" lon="116.643573"><ele>72</ele></trkpt>
      <trkpt lat="40.377523" lon="116.643034"><ele>73</ele></trkpt>
      <trkpt lat="40.377628" lon="116.642473"><ele>74</ele></trkpt>
      <trkpt lat="40.377687" lon="116.641887"><ele>75</ele></trkpt>
      <trkpt lat="40.377702" lon="116.641266"><ele>75</ele></trkpt>
      <trkpt lat="40.377721" lon="116.640707"><ele>76</ele></trkpt>
      <trkpt lat="40.377676" lon="116.640111"><ele>75</ele></trkpt>
      <trkpt lat="40.377491" lon="116.639612"><ele>75</ele></trkpt>
      <trkpt lat="40.377193" lon="116.639168"><ele>76</ele></trkpt>
      <trkpt lat="40.376934" lon="116.638691"><ele>76</ele></trkpt>
      <trkpt lat="40.376764" lon="116.638102"><ele>77</ele></trkpt>
      <trkpt lat="40.376712" lon="116.637527"><ele>79</ele></trkpt>
      <trkpt lat="40.376733" lon="116.636951"><ele>81</ele></trkpt>
      <trkpt lat="40.376719" lon="116.636385"><ele>82</ele></trkpt>
      <trkpt lat="40.376588" lon="116.635774"><ele>84</ele></trkpt>
      <trkpt lat="40.376401" lon="116.635292"><ele>86</ele></trkpt>
      <trkpt lat="40.376089" lon="116.634793"><ele>87</ele></trkpt>
      <trkpt lat="40.375816" lon="116.634409"><ele>87</ele></trkpt>
      <trkpt lat="40.375466" lon="116.633889"><ele>86</ele></trkpt>
      <trkpt lat="40.375253" lon="116.633422"><ele>84</ele></trkpt>
      <trkpt lat="40.375112" lon="116.632916"><ele>82</ele></trkpt>
      <trkpt lat="40.374811" lon="116.632458"><ele>78</ele></trkpt>
      <trkpt lat="40.374397" lon="116.63235"><ele>75</ele></trkpt>
      <trkpt lat="40.373955" lon="116.632496"><ele>70</ele></trkpt>
      <trkpt lat="40.373481" lon="116.632531"><ele>67</ele></trkpt>
      <trkpt lat="40.373039" lon="116.632456"><ele>66</ele></trkpt>
      <trkpt lat="40.372543" lon="116.632353"><ele>64</ele></trkpt>
      <trkpt lat="40.372155" lon="116.632268"><ele>62</ele></trkpt>
      <trkpt lat="40.371699" lon="116.632164"><ele>59</ele></trkpt>
      <trkpt lat="40.371284" lon="116.632084"><ele>56</ele></trkpt>
      <trkpt lat="40.370833" lon="116.632237"><ele>51</ele></trkpt>
      <trkpt lat="40.370384" lon="116.632391"><ele>49</ele></trkpt>
      <trkpt lat="40.36997" lon="116.632378"><ele>48</ele></trkpt>
      <trkpt lat="40.369483" lon="116.632379"><ele>47</ele></trkpt>
      <trkpt lat="40.369111" lon="116.632631"><ele>46</ele></trkpt>
      <trkpt lat="40.368922" lon="116.633132"><ele>44</ele></trkpt>
      <trkpt lat="40.36849" lon="116.633251"><ele>42</ele></trkpt>
      <trkpt lat="40.368072" lon="116.633128"><ele>40</ele></trkpt>
      <trkpt lat="40.36759" lon="116.633007"><ele>40</ele></trkpt>
      <trkpt lat="40.367198" lon="116.632843"><ele>39</ele></trkpt>
      <trkpt lat="40.366808" lon="116.632524"><ele>38</ele></trkpt>
      <trkpt lat="40.366645" lon="116.632046"><ele>37</ele></trkpt>
      <trkpt lat="40.366239" lon="116.63175"><ele>34</ele></trkpt>
      <trkpt lat="40.365789" lon="116.631681"><ele>33</ele></trkpt>
      <trkpt lat="40.365364" lon="116.63151"><ele>33</ele></trkpt>
      <trkpt lat="40.365021" lon="116.631135"><ele>32</ele></trkpt>
      <trkpt lat="40.364921" lon="116.630602"><ele>31</ele></trkpt>
      <trkpt lat="40.364894" lon="116.630047"><ele>31</ele></trkpt>
      <trkpt lat="40.365373" lon="116.629864"><ele>31</ele></trkpt>
      <trkpt lat="40.365735" lon="116.629689"><ele>31</ele></trkpt>
      <trkpt lat="40.366117" lon="116.629321"><ele>31</ele></trkpt>
      <trkpt lat="40.366527" lon="116.629038"><ele>32</ele></trkpt>
      <trkpt lat="40.366884" lon="116.628712"><ele>32</ele></trkpt>
      <trkpt lat="40.367095" lon="116.628207"><ele>33</ele></trkpt>
      <trkpt lat="40.36746" lon="116.627918"><ele>34</ele></trkpt>
      <trkpt lat="40.367925" lon="116.627694"><ele>36</ele></trkpt>
      <trkpt lat="40.368303" lon="116.627488"><ele>37</ele></trkpt>
      <trkpt lat="40.368694" lon="116.627085"><ele>40</ele></trkpt>
      <trkpt lat="40.368941" lon="116.626634"><ele>41</ele></trkpt>
      <trkpt lat="40.369069" lon="116.626046"><ele>44</ele></trkpt>
      <trkpt lat="40.369112" lon="116.625485"><ele>47</ele></trkpt>
      <trkpt lat="40.369162" lon="116.624923"><ele>48</ele></trkpt>
      <trkpt lat="40.369235" lon="116.624297"><ele>49</ele></trkpt>
      <trkpt lat="40.369509" lon="116.623881"><ele>50</ele></trkpt>
      <trkpt lat="40.369902" lon="116.623615"><ele>50</ele></trkpt>
      <trkpt lat="40.370216" lon="116.623192"><ele>50</ele></trkpt>
      <trkpt lat="40.37049" lon="116.622763"><ele>52</ele></trkpt>
      <trkpt lat="40.370708" lon="116.622207"><ele>53</ele></trkpt>
      <trkpt lat="40.370877" lon="116.621657"><ele>55</ele></trkpt>
      <trkpt lat="40.371028" lon="116.621104"><ele>55</ele></trkpt>
      <trkpt lat="40.371093" lon="116.62057"><ele>54</ele></trkpt>
      <trkpt lat="40.371086" lon="116.619983"><ele>52</ele></trkpt>
      <trkpt lat="40.371098" lon="116.619376"><ele>48</ele></trkpt>
      <trkpt lat="40.371505" lon="116.619125"><ele>46</ele></trkpt>
      <trkpt lat="40.371932" lon="116.619026"><ele>47</ele></trkpt>
      <trkpt lat="40.37238" lon="116.619057"><ele>48</ele></trkpt>
      <trkpt lat="40.372869" lon="116.619159"><ele>49</ele></trkpt>
      <trkpt lat="40.373251" lon="116.619266"><ele>51</ele></trkpt>
      <trkpt lat="40.373618" lon="116.618928"><ele>54</ele></trkpt>
      <trkpt lat="40.373834" lon="116.618455"><ele>55</ele></trkpt>
      <trkpt lat="40.374152" lon="116.618047"><ele>59</ele></trkpt>
      <trkpt lat="40.374236" lon="116.617489"><ele>64</ele></trkpt>
      <trkpt lat="40.374076" lon="116.616985"><ele>65</ele></trkpt>
      <trkpt lat="40.37388" lon="116.616375"><ele>66</ele></trkpt>
      <trkpt lat="40.373729" lon="116.615816"><ele>66</ele></trkpt>
      <trkpt lat="40.37356" lon="116.615309"><ele>66</ele></trkpt>
      <trkpt lat="40.373346" lon="116.614812"><ele>65</ele></trkpt>
      <trkpt lat="40.37305" lon="116.614402"><ele>64</ele></trkpt>
      <trkpt lat="40.372619" lon="116.614071"><ele>64</ele></trkpt>
      <trkpt lat="40.372171" lon="116.613923"><ele>64</ele></trkpt>
      <trkpt lat="40.37175" lon="116.613846"><ele>64</ele></trkpt>
      <trkpt lat="40.371328" lon="116.613773"><ele>63</ele></trkpt>
      <trkpt lat="40.370867" lon="116.613696"><ele>62</ele></trkpt>
      <trkpt lat="40.370426" lon="116.613632"><ele>60</ele></trkpt>
      <trkpt lat="40.369952" lon="116.613544"><ele>58</ele></trkpt>
      <trkpt lat="40.369627" lon="116.613331"><ele>52</ele></trkpt>
      <trkpt lat="40.369416" lon="116.612832"><ele>49</ele></trkpt>
      <trkpt lat="40.369" lon="116.612933"><ele>48</ele></trkpt>
      <trkpt lat="40.3686" lon="116.612954"><ele>48</ele></trkpt>
      <trkpt lat="40.368452" lon="116.612434"><ele>49</ele></trkpt>
      <trkpt lat="40.368262" lon="116.612026"><ele>48</ele></trkpt>
      <trkpt lat="40.367802" lon="116.612079"><ele>48</ele></trkpt>
      <trkpt lat="40.367359" lon="116.612182"><ele>49</ele></trkpt>
      <trkpt lat="40.36691" lon="116.612209"><ele>47</ele></trkpt>
      <trkpt lat="40.366551" lon="116.612008"><ele>47</ele></trkpt>
      <trkpt lat="40.3665" lon="116.61142"><ele>47</ele></trkpt>
      <trkpt lat="40.366355" lon="116.610898"><ele>49</ele></trkpt>
      <trkpt lat="40.36605" lon="116.610467"><ele>50</ele></trkpt>
      <trkpt lat="40.365862" lon="116.609911"><ele>52</ele></trkpt>
      <trkpt lat="40.365909" lon="116.609359"><ele>52</ele></trkpt>
      <trkpt lat="40.365938" lon="116.608755"><ele>53</ele></trkpt>
      <trkpt lat="40.365946" lon="116.608167"><ele>55</ele></trkpt>
      <trkpt lat="40.365858" lon="116.607607"><ele>55</ele></trkpt>
      <trkpt lat="40.365728" lon="116.607056"><ele>57</ele></trkpt>
      <trkpt lat="40.365759" lon="116.606453"><ele>60</ele></trkpt>
      <trkpt lat="40.365704" lon="116.605872"><ele>61</ele></trkpt>
      <trkpt lat="40.366015" lon="116.605556"><ele>64</ele></trkpt>
      <trkpt lat="40.36637" lon="116.605186"><ele>64</ele></trkpt>
      <trkpt lat="40.366661" lon="116.604746"><ele>65</ele></trkpt>
      <trkpt lat="40.36701" lon="116.604349"><ele>66</ele></trkpt>
      <trkpt lat="40.367374" lon="116.604008"><ele>68</ele></trkpt>
      <trkpt lat="40.367726" lon="116.603687"><ele>70</ele></trkpt>
      <trkpt lat="40.368021" lon="116.603256"><ele>70</ele></trkpt>
      <trkpt lat="40.368345" lon="116.602843"><ele>71</ele></trkpt>
      <trkpt lat="40.368695" lon="116.602438"><ele>74</ele></trkpt>
      <trkpt lat="40.369078" lon="116.602186"><ele>74</ele></trkpt>
      <trkpt lat="40.369488" lon="116.601915"><ele>74</ele></trkpt>
      <trkpt lat="40.369846" lon="116.60158"><ele>75</ele></trkpt>
      <trkpt lat="40.370278" lon="116.601404"><ele>77</ele></trkpt>
      <trkpt lat="40.370727" lon="116.601486"><ele>78</ele></trkpt>
      <trkpt lat="40.371155" lon="116.601377"><ele>80</ele></trkpt>
      <trkpt lat="40.371599" lon="116.601259"><ele>81</ele></trkpt>
      <trkpt lat="40.372019" lon="116.601035"><ele>84</ele></trkpt>
      <trkpt lat="40.37244" lon="116.600922"><ele>87</ele></trkpt>
      <trkpt lat="40.372892" lon="116.600875"><ele>89</ele></trkpt>
      <trkpt lat="40.372955" lon="116.600363"><ele>92</ele></trkpt>
      <trkpt lat="40.372914" lon="116.599787"><ele>93</ele></trkpt>
      <trkpt lat="40.372904" lon="116.599195"><ele>94</ele></trkpt>
      <trkpt lat="40.37288" lon="116.598597"><ele>94</ele></trkpt>
      <trkpt lat="40.3728" lon="116.598017"><ele>95</ele></trkpt>
      <trkpt lat="40.372734" lon="116.597445"><ele>95</ele></trkpt>
      <trkpt lat="40.372819" lon="116.59693"><ele>93</ele></trkpt>
      <trkpt lat="40.373266" lon="116.59686"><ele>95</ele></trkpt>
      <trkpt lat="40.373721" lon="116.596812"><ele>96</ele></trkpt>
      <trkpt lat="40.374157" lon="116.596913"><ele>98</ele></trkpt>
      <trkpt lat="40.37455" lon="116.596796"><ele>101</ele></trkpt>
      <trkpt lat="40.374519" lon="116.596218"><ele>103</ele></trkpt>
      <trkpt lat="40.374364" lon="116.595664"><ele>104</ele></trkpt>
      <trkpt lat="40.374224" lon="116.59509"><ele>105</ele></trkpt>
      <trkpt lat="40.37423" lon="116.594507"><ele>106</ele></trkpt>
      <trkpt lat="40.374546" lon="116.594074"><ele>107</ele></trkpt>
      <trkpt lat="40.374783" lon="116.593652"><ele>108</ele></trkpt>
      <trkpt lat="40.374861" lon="116.593089"><ele>118</ele></trkpt>
      <trkpt lat="40.374974" lon="116.592531"><ele>127</ele></trkpt>
      <trkpt lat="40.374797" lon="116.592684"><ele>139</ele></trkpt>
      <trkpt lat="40.374512" lon="116.592706"><ele>142</ele></trkpt>
      <trkpt lat="40.374696" lon="116.592189"><ele>153</ele></trkpt>
      <trkpt lat="40.374751" lon="116.591627"><ele>166</ele></trkpt>
      <trkpt lat="40.374697" lon="116.591245"><ele>181</ele></trkpt>
      <trkpt lat="40.374814" lon="116.590705"><ele>194</ele></trkpt>
      <trkpt lat="40.375038" lon="116.590214"><ele>212</ele></trkpt>
      <trkpt lat="40.375182" lon="116.589709"><ele>233</ele></trkpt>
      <trkpt lat="40.375445" lon="116.589379"><ele>253</ele></trkpt>
      <trkpt lat="40.375728" lon="116.589021"><ele>272</ele></trkpt>
      <trkpt lat="40.375993" lon="116.588564"><ele>295</ele></trkpt>
      <trkpt lat="40.376293" lon="116.588134"><ele>304</ele></trkpt>
      <trkpt lat="40.37663" lon="116.587767"><ele>315</ele></trkpt>
      <trkpt lat="40.377051" lon="116.587619"><ele>326</ele></trkpt>
      <trkpt lat="40.37747" lon="116.587511"><ele>333</ele></trkpt>
      <trkpt lat="40.37785" lon="116.587309"><ele>351</ele></trkpt>
      <trkpt lat="40.378267" lon="116.587181"><ele>371</ele></trkpt>
      <trkpt lat="40.378683" lon="116.587179"><ele>388</ele></trkpt>
      <trkpt lat="40.37907" lon="116.586957"><ele>381</ele></trkpt>
      <trkpt lat="40.379518" lon="116.5869"><ele>385</ele></trkpt>
      <trkpt lat="40.379899" lon="116.586598"><ele>381</ele></trkpt>
      <trkpt lat="40.38033" lon="116.5866"><ele>369</ele></trkpt>
      <trkpt lat="40.38078" lon="116.586627"><ele>352</ele></trkpt>
      <trkpt lat="40.381205" lon="116.586469"><ele>348</ele></trkpt>
      <trkpt lat="40.381636" lon="116.58658"><ele>338</ele></trkpt>
      <trkpt lat="40.38187" lon="116.586352"><ele>323</ele></trkpt>
      <trkpt lat="40.382035" lon="116.585864"><ele>294</ele></trkpt>
      <trkpt lat="40.382052" lon="116.585301"><ele>265</ele></trkpt>
      <trkpt lat="40.382248" lon="116.584789"><ele>246</ele></trkpt>
      <trkpt lat="40.382388" lon="116.584254"><ele>234</ele></trkpt>
      <trkpt lat="40.382678" lon="116.583864"><ele>212</ele></trkpt>
      <trkpt lat="40.383007" lon="116.583501"><ele>185</ele></trkpt>
      <trkpt lat="40.38311" lon="116.583116"><ele>165</ele></trkpt>
      <trkpt lat="40.3828" lon="116.582767"><ele>144</ele></trkpt>
      <trkpt lat="40.383021" lon="116.582409"><ele>143</ele></trkpt>
      <trkpt lat="40.383389" lon="116.582045"><ele>143</ele></trkpt>
      <trkpt lat="40.383726" lon="116.581673"><ele>143</ele></trkpt>
      <trkpt lat="40.383988" lon="116.581218"><ele>145</ele></trkpt>
      <trkpt lat="40.384244" lon="116.580684"><ele>145</ele></trkpt>
      <trkpt lat="40.384461" lon="116.580207"><ele>146</ele></trkpt>
      <trkpt lat="40.384791" lon="116.5798"><ele>147</ele></trkpt>
      <trkpt lat="40.385236" lon="116.579645"><ele>150</ele></trkpt>
      <trkpt lat="40.385708" lon="116.57978"><ele>150</ele></trkpt>
      <trkpt lat="40.386128" lon="116.580035"><ele>152</ele></trkpt>
      <trkpt lat="40.386505" lon="116.580258"><ele>152</ele></trkpt>
      <trkpt lat="40.386937" lon="116.580494"><ele>153</ele></trkpt>
      <trkpt lat="40.387351" lon="116.580717"><ele>155</ele></trkpt>
      <trkpt lat="40.387729" lon="116.580909"><ele>156</ele></trkpt>
      <trkpt lat="40.388197" lon="116.580943"><ele>157</ele></trkpt>
      <trkpt lat="40.388592" lon="116.580801"><ele>158</ele></trkpt>
      <trkpt lat="40.38906" lon="116.580567"><ele>159</ele></trkpt>
      <trkpt lat="40.389393" lon="116.580261"><ele>162</ele></trkpt>
      <trkpt lat="40.389728" lon="116.579847"><ele>163</ele></trkpt>
      <trkpt lat="40.390125" lon="116.579448"><ele>164</ele></trkpt>
      <trkpt lat="40.390509" lon="116.579307"><ele>165</ele></trkpt>
      <trkpt lat="40.390942" lon="116.579317"><ele>167</ele></trkpt>
      <trkpt lat="40.391447" lon="116.579357"><ele>169</ele></trkpt>
      <trkpt lat="40.391837" lon="116.579405"><ele>172</ele></trkpt>
      <trkpt lat="40.392267" lon="116.579574"><ele>177</ele></trkpt>
      <trkpt lat="40.39273" lon="116.579533"><ele>177</ele></trkpt>
      <trkpt lat="40.393149" lon="116.579543"><ele>178</ele></trkpt>
      <trkpt lat="40.393604" lon="116.579571"><ele>180</ele></trkpt>
      <trkpt lat="40.394055" lon="116.579463"><ele>184</ele></trkpt>
      <trkpt lat="40.394404" lon="116.579193"><ele>188</ele></trkpt>
      <trkpt lat="40.394707" lon="116.578795"><ele>189</ele></trkpt>
      <trkpt lat="40.394944" lon="116.57833"><ele>198</ele></trkpt>
      <trkpt lat="40.394625" lon="116.578049"><ele>202</ele></trkpt>
      <trkpt lat="40.394707" lon="116.577559"><ele>202</ele></trkpt>
      <trkpt lat="40.394676" lon="116.57698"><ele>202</ele></trkpt>
      <trkpt lat="40.394689" lon="116.576417"><ele>203</ele></trkpt>
      <trkpt lat="40.3949" lon="116.575904"><ele>204</ele></trkpt>
      <trkpt lat="40.395181" lon="116.57544"><ele>204</ele></trkpt>
      <trkpt lat="40.395559" lon="116.575297"><ele>206</ele></trkpt>
      <trkpt lat="40.395908" lon="116.574955"><ele>208</ele></trkpt>
      <trkpt lat="40.39635" lon="116.575026"><ele>209</ele></trkpt>
      <trkpt lat="40.396725" lon="116.575333"><ele>215</ele></trkpt>
      <trkpt lat="40.39712" lon="116.575621"><ele>217</ele></trkpt>
      <trkpt lat="40.39754" lon="116.575808"><ele>221</ele></trkpt>
      <trkpt lat="40.397992" lon="116.575792"><ele>223</ele></trkpt>
      <trkpt lat="40.398431" lon="116.575856"><ele>225</ele></trkpt>
      <trkpt lat="40.398881" lon="116.575857"><ele>229</ele></trkpt>
      <trkpt lat="40.399309" lon="116.575969"><ele>232</ele></trkpt>
      <trkpt lat="40.399755" lon="116.575984"><ele>236</ele></trkpt>
      <trkpt lat="40.400201" lon="116.576097"><ele>241</ele></trkpt>
      <trkpt lat="40.400601" lon="116.576354"><ele>245</ele></trkpt>
      <trkpt lat="40.401041" lon="116.576371"><ele>248</ele></trkpt>
      <trkpt lat="40.401444" lon="116.576141"><ele>253</ele></trkpt>
      <trkpt lat="40.401868" lon="116.575956"><ele>258</ele></trkpt>
      <trkpt lat="40.402239" lon="116.575638"><ele>263</ele></trkpt>
      <trkpt lat="40.402672" lon="116.575567"><ele>268</ele></trkpt>
      <trkpt lat="40.403106" lon="116.575601"><ele>275</ele></trkpt>
      <trkpt lat="40.403545" lon="116.575569"><ele>281</ele></trkpt>
      <trkpt lat="40.40396" lon="116.57572"><ele>291</ele></trkpt>
      <trkpt lat="40.404366" lon="116.575547"><ele>314</ele></trkpt>
      <trkpt lat="40.404755" lon="116.575604"><ele>331</ele></trkpt>
      <trkpt lat="40.405112" lon="116.57551"><ele>346</ele></trkpt>
      <trkpt lat="40.405544" lon="116.575594"><ele>360</ele></trkpt>
      <trkpt lat="40.405961" lon="116.575535"><ele>371</ele></trkpt>
      <trkpt lat="40.406386" lon="116.575425"><ele>381</ele></trkpt>
      <trkpt lat="40.406811" lon="116.575327"><ele>392</ele></trkpt>
      <trkpt lat="40.407222" lon="116.575332"><ele>403</ele></trkpt>
      <trkpt lat="40.407575" lon="116.575125"><ele>420</ele></trkpt>
      <trkpt lat="40.407878" lon="116.574777"><ele>428</ele></trkpt>
      <trkpt lat="40.408286" lon="116.574855"><ele>433</ele></trkpt>
      <trkpt lat="40.408692" lon="116.57486"><ele>440</ele></trkpt>
      <trkpt lat="40.409061" lon="116.574968"><ele>457</ele></trkpt>
      <trkpt lat="40.409295" lon="116.575022"><ele>474</ele></trkpt>
      <trkpt lat="40.409643" lon="116.574743"><ele>488</ele></trkpt>
      <trkpt lat="40.409973" lon="116.574758"><ele>493</ele></trkpt>
      <trkpt lat="40.410325" lon="116.574798"><ele>504</ele></trkpt>
      <trkpt lat="40.410702" lon="116.574659"><ele>509</ele></trkpt>
      <trkpt lat="40.411094" lon="116.574426"><ele>537</ele></trkpt>
      <trkpt lat="40.411522" lon="116.574362"><ele>545</ele></trkpt>
      <trkpt lat="40.411868" lon="116.57408"><ele>551</ele></trkpt>
      <trkpt lat="40.412204" lon="116.573705"><ele>557</ele></trkpt>
      <trkpt lat="40.412563" lon="116.573386"><ele>556</ele></trkpt>
      <trkpt lat="40.412883" lon="116.573018"><ele>553</ele></trkpt>
      <trkpt lat="40.413302" lon="116.573069"><ele>557</ele></trkpt>
      <trkpt lat="40.413729" lon="116.573036"><ele>556</ele></trkpt>
      <trkpt lat="40.414159" lon="116.572913"><ele>556</ele></trkpt>
      <trkpt lat="40.414559" lon="116.5727"><ele>562</ele></trkpt>
      <trkpt lat="40.414992" lon="116.572607"><ele>570</ele></trkpt>
      <trkpt lat="40.415378" lon="116.572387"><ele>587</ele></trkpt>
      <trkpt lat="40.415663" lon="116.572119"><ele>595</ele></trkpt>
      <trkpt lat="40.415794" lon="116.571676"><ele>600</ele></trkpt>
      <trkpt lat="40.415838" lon="116.571255"><ele>625</ele></trkpt>
      <trkpt lat="40.415855" lon="116.570747"><ele>629</ele></trkpt>
      <trkpt lat="40.416107" lon="116.570348"><ele>630</ele></trkpt>
      <trkpt lat="40.416365" lon="116.569927"><ele>639</ele></trkpt>
      <trkpt lat="40.416802" lon="116.569793"><ele>658</ele></trkpt>
      <trkpt lat="40.417168" lon="116.569527"><ele>656</ele></trkpt>
      <trkpt lat="40.417532" lon="116.569227"><ele>641</ele></trkpt>
      <trkpt lat="40.417849" lon="116.568865"><ele>634</ele></trkpt>
      <trkpt lat="40.418273" lon="116.568735"><ele>638</ele></trkpt>
      <trkpt lat="40.418621" lon="116.568379"><ele>646</ele></trkpt>
      <trkpt lat="40.419018" lon="116.568403"><ele>647</ele></trkpt>
      <trkpt lat="40.419431" lon="116.568574"><ele>657</ele></trkpt>
      <trkpt lat="40.419786" lon="116.568343"><ele>651</ele></trkpt>
      <trkpt lat="40.420097" lon="116.567979"><ele>640</ele></trkpt>
      <trkpt lat="40.420417" lon="116.567689"><ele>657</ele></trkpt>
      <trkpt lat="40.420845" lon="116.567768"><ele>647</ele></trkpt>
      <trkpt lat="40.421246" lon="116.567974"><ele>647</ele></trkpt>
      <trkpt lat="40.421648" lon="116.567908"><ele>646</ele></trkpt>
      <trkpt lat="40.422068" lon="116.568082"><ele>652</ele></trkpt>
      <trkpt lat="40.422383" lon="116.568457"><ele>632</ele></trkpt>
      <trkpt lat="40.422805" lon="116.568438"><ele>619</ele></trkpt>
      <trkpt lat="40.423217" lon="116.568322"><ele>614</ele></trkpt>
      <trkpt lat="40.423557" lon="116.567984"><ele>604</ele></trkpt>
      <trkpt lat="40.423936" lon="116.567809"><ele>603</ele></trkpt>
      <trkpt lat="40.424281" lon="116.567622"><ele>597</ele></trkpt>
      <trkpt lat="40.424625" lon="116.567357"><ele>579</ele></trkpt>
      <trkpt lat="40.425002" lon="116.567141"><ele>558</ele></trkpt>
      <trkpt lat="40.425402" lon="116.566929"><ele>544</ele></trkpt>
      <trkpt lat="40.425677" lon="116.566496"><ele>546</ele></trkpt>
      <trkpt lat="40.425972" lon="116.566057"><ele>555</ele></trkpt>
      <trkpt lat="40.426284" lon="116.566017"><ele>568</ele></trkpt>
      <trkpt lat="40.426642" lon="116.566334"><ele>560</ele></trkpt>
      <trkpt lat="40.426914" lon="116.566786"><ele>553</ele></trkpt>
      <trkpt lat="40.427241" lon="116.567193"><ele>567</ele></trkpt>
      <trkpt lat="40.427607" lon="116.567461"><ele>573</ele></trkpt>
      <trkpt lat="40.428046" lon="116.567462"><ele>573</ele></trkpt>
      <trkpt lat="40.428479" lon="116.567458"><ele>575</ele></trkpt>
      <trkpt lat="40.428837" lon="116.567158"><ele>564</ele></trkpt>
      <trkpt lat="40.429179" lon="116.566997"><ele>560</ele></trkpt>
      <trkpt lat="40.429256" lon="116.566532"><ele>550</ele></trkpt>
      <trkpt lat="40.429555" lon="116.566169"><ele>536</ele></trkpt>
      <trkpt lat="40.429927" lon="116.565915"><ele>505</ele></trkpt>
      <trkpt lat="40.430001" lon="116.565488"><ele>486</ele></trkpt>
      <trkpt lat="40.429891" lon="116.565098"><ele>471</ele></trkpt>
      <trkpt lat="40.42968" lon="116.56464"><ele>459</ele></trkpt>
      <trkpt lat="40.429365" lon="116.564294"><ele>444</ele></trkpt>
      <trkpt lat="40.4292" lon="116.564004"><ele>430</ele></trkpt>
      <trkpt lat="40.429026" lon="116.563637"><ele>417</ele></trkpt>
      <trkpt lat="40.428801" lon="116.563126"><ele>411</ele></trkpt>
      <trkpt lat="40.428815" lon="116.562548"><ele>403</ele></trkpt>
      <trkpt lat="40.428681" lon="116.562003"><ele>393</ele></trkpt>
      <trkpt lat="40.428551" lon="116.561443"><ele>386</ele></trkpt>
      <trkpt lat="40.428306" lon="116.560941"><ele>378</ele></trkpt>
      <trkpt lat="40.428025" lon="116.560519"><ele>371</ele></trkpt>
      <trkpt lat="40.427885" lon="116.559987"><ele>364</ele></trkpt>
      <trkpt lat="40.4278" lon="116.559415"><ele>357</ele></trkpt>
      <trkpt lat="40.427587" lon="116.558988"><ele>354</ele></trkpt>
      <trkpt lat="40.427256" lon="116.55862"><ele>349</ele></trkpt>
      <trkpt lat="40.426939" lon="116.558198"><ele>342</ele></trkpt>
      <trkpt lat="40.42693" lon="116.557614"><ele>336</ele></trkpt>
      <trkpt lat="40.426713" lon="116.557125"><ele>327</ele></trkpt>
      <trkpt lat="40.426586" lon="116.556551"><ele>318</ele></trkpt>
      <trkpt lat="40.426576" lon="116.555963"><ele>314</ele></trkpt>
      <trkpt lat="40.426546" lon="116.555382"><ele>310</ele></trkpt>
      <trkpt lat="40.426362" lon="116.554912"><ele>302</ele></trkpt>
      <trkpt lat="40.426078" lon="116.55447"><ele>299</ele></trkpt>
      <trkpt lat="40.425787" lon="116.554017"><ele>295</ele></trkpt>
      <trkpt lat="40.4255" lon="116.553578"><ele>265</ele></trkpt>
      <trkpt lat="40.425171" lon="116.553188"><ele>262</ele></trkpt>
      <trkpt lat="40.4248" lon="116.552857"><ele>259</ele></trkpt>
      <trkpt lat="40.424387" lon="116.552625"><ele>256</ele></trkpt>
      <trkpt lat="40.424048" lon="116.552273"><ele>253</ele></trkpt>
      <trkpt lat="40.424212" lon="116.551735"><ele>249</ele></trkpt>
      <trkpt lat="40.424414" lon="116.551212"><ele>247</ele></trkpt>
      <trkpt lat="40.424287" lon="116.550669"><ele>244</ele></trkpt>
      <trkpt lat="40.424003" lon="116.550223"><ele>241</ele></trkpt>
      <trkpt lat="40.423762" lon="116.549715"><ele>239</ele></trkpt>
      <trkpt lat="40.423517" lon="116.54922"><ele>237</ele></trkpt>
      <trkpt lat="40.42322" lon="116.548818"><ele>235</ele></trkpt>
      <trkpt lat="40.422901" lon="116.54841"><ele>232</ele></trkpt>
      <trkpt lat="40.422653" lon="116.547916"><ele>228</ele></trkpt>
      <trkpt lat="40.422467" lon="116.547392"><ele>226</ele></trkpt>
      <trkpt lat="40.422267" lon="116.546857"><ele>224</ele></trkpt>
      <trkpt lat="40.422067" lon="116.546337"><ele>222</ele></trkpt>
      <trkpt lat="40.421824" lon="116.545842"><ele>220</ele></trkpt>
      <trkpt lat="40.421562" lon="116.545367"><ele>217</ele></trkpt>
      <trkpt lat="40.421246" lon="116.544928"><ele>214</ele></trkpt>
      <trkpt lat="40.420993" lon="116.544344"><ele>200</ele></trkpt>
      <trkpt lat="40.420891" lon="116.54376"><ele>200</ele></trkpt>
      <trkpt lat="40.420604" lon="116.543334"><ele>198</ele></trkpt>
      <trkpt lat="40.420252" lon="116.543061"><ele>199</ele></trkpt>
      <trkpt lat="40.419824" lon="116.542805"><ele>199</ele></trkpt>
      <trkpt lat="40.419495" lon="116.542548"><ele>198</ele></trkpt>
      <trkpt lat="40.419252" lon="116.541962"><ele>195</ele></trkpt>
      <trkpt lat="40.419168" lon="116.541449"><ele>196</ele></trkpt>
      <trkpt lat="40.419108" lon="116.540785"><ele>196</ele></trkpt>
      <trkpt lat="40.419063" lon="116.540241"><ele>198</ele></trkpt>
      <trkpt lat="40.418992" lon="116.539682"><ele>202</ele></trkpt>
      <trkpt lat="40.418886" lon="116.539074"><ele>196</ele></trkpt>
      <trkpt lat="40.41902" lon="116.538546"><ele>194</ele></trkpt>
      <trkpt lat="40.419005" lon="116.537924"><ele>193</ele></trkpt>
      <trkpt lat="40.418863" lon="116.537416"><ele>193</ele></trkpt>
      <trkpt lat="40.418588" lon="116.537559"><ele>187</ele></trkpt>
      <trkpt lat="40.418183" lon="116.537796"><ele>187</ele></trkpt>
      <trkpt lat="40.417686" lon="116.538009"><ele>184</ele></trkpt>
      <trkpt lat="40.417285" lon="116.537966"><ele>185</ele></trkpt>
      <trkpt lat="40.417024" lon="116.537606"><ele>188</ele></trkpt>
      <trkpt lat="40.416665" lon="116.537225"><ele>191</ele></trkpt>
      <trkpt lat="40.416234" lon="116.537458"><ele>196</ele></trkpt>
      <trkpt lat="40.415884" lon="116.537658"><ele>198</ele></trkpt>
      <trkpt lat="40.415435" lon="116.537694"><ele>196</ele></trkpt>
      <trkpt lat="40.415143" lon="116.537728"><ele>179</ele></trkpt>
      <trkpt lat="40.41503" lon="116.537171"><ele>180</ele></trkpt>
      <trkpt lat="40.414999" lon="116.536577"><ele>181</ele></trkpt>
      <trkpt lat="40.414669" lon="116.536264"><ele>186</ele></trkpt>
      <trkpt lat="40.414353" lon="116.535938"><ele>189</ele></trkpt>
      <trkpt lat="40.414355" lon="116.535379"><ele>191</ele></trkpt>
      <trkpt lat="40.414202" lon="116.534871"><ele>191</ele></trkpt>
      <trkpt lat="40.414156" lon="116.53429"><ele>193</ele></trkpt>
      <trkpt lat="40.413817" lon="116.533885"><ele>197</ele></trkpt>
      <trkpt lat="40.413504" lon="116.533489"><ele>203</ele></trkpt>
      <trkpt lat="40.413126" lon="116.533192"><ele>207</ele></trkpt>
      <trkpt lat="40.412741" lon="116.532901"><ele>214</ele></trkpt>
      <trkpt lat="40.412544" lon="116.532383"><ele>219</ele></trkpt>
      <trkpt lat="40.41218" lon="116.532059"><ele>224</ele></trkpt>
      <trkpt lat="40.411928" lon="116.531616"><ele>231</ele></trkpt>
      <trkpt lat="40.411555" lon="116.531288"><ele>244</ele></trkpt>
      <trkpt lat="40.411462" lon="116.53105"><ele>253</ele></trkpt>
      <trkpt lat="40.411701" lon="116.530635"><ele>278</ele></trkpt>
      <trkpt lat="40.411666" lon="116.5301"><ele>287</ele></trkpt>
      <trkpt lat="40.411476" lon="116.529811"><ele>288</ele></trkpt>
      <trkpt lat="40.411518" lon="116.5294"><ele>282</ele></trkpt>
      <trkpt lat="40.411338" lon="116.528921"><ele>264</ele></trkpt>
      <trkpt lat="40.410958" lon="116.528663"><ele>251</ele></trkpt>
      <trkpt lat="40.410588" lon="116.528439"><ele>248</ele></trkpt>
      <trkpt lat="40.410339" lon="116.527952"><ele>243</ele></trkpt>
      <trkpt lat="40.41022" lon="116.527413"><ele>238</ele></trkpt>
      <trkpt lat="40.410027" lon="116.526883"><ele>230</ele></trkpt>
      <trkpt lat="40.40983" lon="116.52639"><ele>220</ele></trkpt>
      <trkpt lat="40.409623" lon="116.525869"><ele>218</ele></trkpt>
      <trkpt lat="40.409402" lon="116.525441"><ele>207</ele></trkpt>
      <trkpt lat="40.409079" lon="116.52505"><ele>205</ele></trkpt>
      <trkpt lat="40.408955" lon="116.524477"><ele>202</ele></trkpt>
      <trkpt lat="40.408826" lon="116.523895"><ele>197</ele></trkpt>
      <trkpt lat="40.408742" lon="116.523326"><ele>191</ele></trkpt>
      <trkpt lat="40.408681" lon="116.522751"><ele>189</ele></trkpt>
      <trkpt lat="40.408657" lon="116.522158"><ele>183</ele></trkpt>
      <trkpt lat="40.408738" lon="116.521622"><ele>180</ele></trkpt>
      <trkpt lat="40.408982" lon="116.521131"><ele>178</ele></trkpt>
      <trkpt lat="40.408787" lon="116.520634"><ele>175</ele></trkpt>
      <trkpt lat="40.40856" lon="116.52013"><ele>169</ele></trkpt>
      <trkpt lat="40.408453" lon="116.519535"><ele>167</ele></trkpt>
      <trkpt lat="40.408637" lon="116.518998"><ele>165</ele></trkpt>
      <trkpt lat="40.40885" lon="116.518483"><ele>161</ele></trkpt>
      <trkpt lat="40.408766" lon="116.517921"><ele>158</ele></trkpt>
      <trkpt lat="40.408653" lon="116.517375"><ele>155</ele></trkpt>
      <trkpt lat="40.408531" lon="116.516799"><ele>154</ele></trkpt>
      <trkpt lat="40.408416" lon="116.516241"><ele>153</ele></trkpt>
      <trkpt lat="40.408483" lon="116.515664"><ele>152</ele></trkpt>
      <trkpt lat="40.408561" lon="116.515129"><ele>145</ele></trkpt>
      <trkpt lat="40.408864" lon="116.514726"><ele>142</ele></trkpt>
      <trkpt lat="40.408898" lon="116.514189"><ele>141</ele></trkpt>
      <trkpt lat="40.408999" lon="116.513613"><ele>139</ele></trkpt>
      <trkpt lat="40.409355" lon="116.513233"><ele>147.6</ele></trkpt>
      <trkpt lat="40.409756" lon="116.512994"><ele>148.4</ele></trkpt>
      <trkpt lat="40.410152" lon="116.512748"><ele>149.3</ele></trkpt>
      <trkpt lat="40.41033" lon="116.512293"><ele>150.5</ele></trkpt>
      <trkpt lat="40.41017" lon="116.511747"><ele>149.9</ele></trkpt>
      <trkpt lat="40.409875" lon="116.511307"><ele>147</ele></trkpt>
      <trkpt lat="40.409576" lon="116.510934"><ele>146.5</ele></trkpt>
      <trkpt lat="40.409142" lon="116.510783"><ele>144.9</ele></trkpt>
      <trkpt lat="40.408732" lon="116.510615"><ele>144.5</ele></trkpt>
      <trkpt lat="40.40827" lon="116.510582"><ele>145.6</ele></trkpt>
      <trkpt lat="40.408227" lon="116.511101"><ele>146.4</ele></trkpt>
      <trkpt lat="40.407806" lon="116.511298"><ele>146.2</ele></trkpt>
      <trkpt lat="40.407427" lon="116.511087"><ele>146.9</ele></trkpt>
      <trkpt lat="40.407098" lon="116.510778"><ele>138</ele></trkpt>
      <trkpt lat="40.406726" lon="116.51051"><ele>133</ele></trkpt>
      <trkpt lat="40.406496" lon="116.510103"><ele>132</ele></trkpt>
      <trkpt lat="40.406549" lon="116.509523"><ele>131</ele></trkpt>
      <trkpt lat="40.406651" lon="116.508941"><ele>128</ele></trkpt>
      <trkpt lat="40.406732" lon="116.508342"><ele>126</ele></trkpt>
      <trkpt lat="40.406718" lon="116.507818"><ele>125</ele></trkpt>
      <trkpt lat="40.406768" lon="116.507212"><ele>125</ele></trkpt>
      <trkpt lat="40.406801" lon="116.506644"><ele>124</ele></trkpt>
      <trkpt lat="40.406819" lon="116.506047"><ele>122</ele></trkpt>
      <trkpt lat="40.40659" lon="116.505553"><ele>123</ele></trkpt>
      <trkpt lat="40.406402" lon="116.505003"><ele>122</ele></trkpt>
      <trkpt lat="40.406225" lon="116.504468"><ele>122</ele></trkpt>
      <trkpt lat="40.406072" lon="116.50393"><ele>122</ele></trkpt>
      <trkpt lat="40.405808" lon="116.503447"><ele>121</ele></trkpt>
      <trkpt lat="40.405462" lon="116.503094"><ele>121</ele></trkpt>
      <trkpt lat="40.405031" lon="116.502904"><ele>121</ele></trkpt>
      <trkpt lat="40.404592" lon="116.502751"><ele>121</ele></trkpt>
      <trkpt lat="40.404141" lon="116.502697"><ele>121</ele></trkpt>
      <trkpt lat="40.403715" lon="116.502824"><ele>121</ele></trkpt>
      <trkpt lat="40.403264" lon="116.50301"><ele>120</ele></trkpt>
      <trkpt lat="40.402842" lon="116.503182"><ele>120</ele></trkpt>
      <trkpt lat="40.402419" lon="116.503349"><ele>120</ele></trkpt>
      <trkpt lat="40.401986" lon="116.503533"><ele>120</ele></trkpt>
      <trkpt lat="40.401565" lon="116.503703"><ele>121</ele></trkpt>
      <trkpt lat="40.401155" lon="116.503979"><ele>121</ele></trkpt>
      <trkpt lat="40.400784" lon="116.504293"><ele>121</ele></trkpt>
      <trkpt lat="40.400421" lon="116.504637"><ele>120</ele></trkpt>
      <trkpt lat="40.400076" lon="116.50498"><ele>118</ele></trkpt>
      <trkpt lat="40.399679" lon="116.505178"><ele>119</ele></trkpt>
      <trkpt lat="40.399352" lon="116.505532"><ele>121</ele></trkpt>
      <trkpt lat="40.398985" lon="116.505405"><ele>119</ele></trkpt>
      <trkpt lat="40.398936" lon="116.504915"><ele>117</ele></trkpt>
      <trkpt lat="40.398732" lon="116.504564"><ele>119</ele></trkpt>
      <trkpt lat="40.398292" lon="116.504612"><ele>119</ele></trkpt>
      <trkpt lat="40.397839" lon="116.504651"><ele>119</ele></trkpt>
      <trkpt lat="40.397396" lon="116.504705"><ele>118</ele></trkpt>
      <trkpt lat="40.397117" lon="116.50444"><ele>119</ele></trkpt>
      <trkpt lat="40.397168" lon="116.503849"><ele>119</ele></trkpt>
      <trkpt lat="40.397216" lon="116.503254"><ele>120</ele></trkpt>
      <trkpt lat="40.397044" lon="116.50276"><ele>120</ele></trkpt>
      <trkpt lat="40.396755" lon="116.502314"><ele>122</ele></trkpt>
      <trkpt lat="40.396441" lon="116.501877"><ele>123</ele></trkpt>
      <trkpt lat="40.396068" lon="116.501557"><ele>125</ele></trkpt>
      <trkpt lat="40.395685" lon="116.501258"><ele>127</ele></trkpt>
      <trkpt lat="40.395533" lon="116.500693"><ele>130</ele></trkpt>
      <trkpt lat="40.395364" lon="116.50017"><ele>133</ele></trkpt>
      <trkpt lat="40.395084" lon="116.499713"><ele>135</ele></trkpt>
      <trkpt lat="40.394897" lon="116.499191"><ele>137</ele></trkpt>
      <trkpt lat="40.394556" lon="116.498782"><ele>140</ele></trkpt>
      <trkpt lat="40.394445" lon="116.49824"><ele>143</ele></trkpt>
      <trkpt lat="40.394331" lon="116.497676"><ele>146</ele></trkpt>
      <trkpt lat="40.394266" lon="116.497073"><ele>148</ele></trkpt>
      <trkpt lat="40.39413" lon="116.496555"><ele>150</ele></trkpt>
      <trkpt lat="40.393916" lon="116.496061"><ele>156</ele></trkpt>
      <trkpt lat="40.393968" lon="116.495483"><ele>159</ele></trkpt>
      <trkpt lat="40.394148" lon="116.494981"><ele>164</ele></trkpt>
      <trkpt lat="40.394329" lon="116.494456"><ele>172</ele></trkpt>
      <trkpt lat="40.394454" lon="116.493946"><ele>180</ele></trkpt>
      <trkpt lat="40.394322" lon="116.493427"><ele>198</ele></trkpt>
      <trkpt lat="40.394514" lon="116.492944"><ele>213</ele></trkpt>
      <trkpt lat="40.394573" lon="116.492385"><ele>226</ele></trkpt>
      <trkpt lat="40.394738" lon="116.491884"><ele>237</ele></trkpt>
      <trkpt lat="40.394544" lon="116.491507"><ele>240</ele></trkpt>
      <trkpt lat="40.394607" lon="116.490985"><ele>224</ele></trkpt>
      <trkpt lat="40.394831" lon="116.490532"><ele>214</ele></trkpt>
      <trkpt lat="40.394758" lon="116.490028"><ele>203</ele></trkpt>
      <trkpt lat="40.394667" lon="116.489467"><ele>192</ele></trkpt>
      <trkpt lat="40.394599" lon="116.489021"><ele>174</ele></trkpt>
      <trkpt lat="40.394922" lon="116.48867"><ele>166</ele></trkpt>
      <trkpt lat="40.395194" lon="116.488316"><ele>163</ele></trkpt>
      <trkpt lat="40.395614" lon="116.488238"><ele>160</ele></trkpt>
      <trkpt lat="40.396055" lon="116.488331"><ele>156</ele></trkpt>
      <trkpt lat="40.396476" lon="116.488586"><ele>151</ele></trkpt>
      <trkpt lat="40.396897" lon="116.488752"><ele>148</ele></trkpt>
      <trkpt lat="40.397313" lon="116.488973"><ele>143</ele></trkpt>
      <trkpt lat="40.397695" lon="116.489129"><ele>142</ele></trkpt>
      <trkpt lat="40.397974" lon="116.488681"><ele>139</ele></trkpt>
      <trkpt lat="40.398078" lon="116.488117"><ele>139</ele></trkpt>
      <trkpt lat="40.398208" lon="116.487555"><ele>138</ele></trkpt>
      <trkpt lat="40.398394" lon="116.48703"><ele>138</ele></trkpt>
      <trkpt lat="40.398699" lon="116.486608"><ele>137</ele></trkpt>
      <trkpt lat="40.398801" lon="116.486046"><ele>137</ele></trkpt>
      <trkpt lat="40.399143" lon="116.485644"><ele>139</ele></trkpt>
      <trkpt lat="40.399408" lon="116.485197"><ele>139</ele></trkpt>
      <trkpt lat="40.39947" lon="116.484753"><ele>136</ele></trkpt>
      <trkpt lat="40.399921" lon="116.484714"><ele>136</ele></trkpt>
      <trkpt lat="40.400361" lon="116.484624"><ele>135</ele></trkpt>
      <trkpt lat="40.400797" lon="116.484492"><ele>136</ele></trkpt>
      <trkpt lat="40.401237" lon="116.48437"><ele>136</ele></trkpt>
      <trkpt lat="40.401674" lon="116.484242"><ele>136</ele></trkpt>
      <trkpt lat="40.402104" lon="116.484095"><ele>135</ele></trkpt>
      <trkpt lat="40.402552" lon="116.483967"><ele>136</ele></trkpt>
      <trkpt lat="40.402986" lon="116.483834"><ele>137</ele></trkpt>
      <trkpt lat="40.403223" lon="116.48343"><ele>137</ele></trkpt>
      <trkpt lat="40.403344" lon="116.482854"><ele>138</ele></trkpt>
      <trkpt lat="40.403463" lon="116.4823"><ele>139</ele></trkpt>
      <trkpt lat="40.403607" lon="116.481732"><ele>140</ele></trkpt>
      <trkpt lat="40.403718" lon="116.481167"><ele>141</ele></trkpt>
      <trkpt lat="40.403832" lon="116.4806"><ele>142</ele></trkpt>
      <trkpt lat="40.40396" lon="116.480024"><ele>142</ele></trkpt>
      <trkpt lat="40.404003" lon="116.479449"><ele>143</ele></trkpt>
      <trkpt lat="40.404035" lon="116.478856"><ele>143</ele></trkpt>
      <trkpt lat="40.404044" lon="116.478264"><ele>143</ele></trkpt>
      <trkpt lat="40.404082" lon="116.477698"><ele>144</ele></trkpt>
      <trkpt lat="40.404383" lon="116.477232"><ele>142</ele></trkpt>
      <trkpt lat="40.404645" lon="116.476748"><ele>144</ele></trkpt>
      <trkpt lat="40.404894" lon="116.476269"><ele>144</ele></trkpt>
      <trkpt lat="40.405167" lon="116.475791"><ele>145</ele></trkpt>
      <trkpt lat="40.405456" lon="116.475374"><ele>147</ele></trkpt>
      <trkpt lat="40.405836" lon="116.475064"><ele>147</ele></trkpt>
      <trkpt lat="40.406253" lon="116.474832"><ele>148</ele></trkpt>
      <trkpt lat="40.406404" lon="116.474317"><ele>150</ele></trkpt>
      <trkpt lat="40.406445" lon="116.473732"><ele>151</ele></trkpt>
      <trkpt lat="40.406491" lon="116.47315"><ele>150</ele></trkpt>
      <trkpt lat="40.406577" lon="116.472565"><ele>151</ele></trkpt>
      <trkpt lat="40.406702" lon="116.471992"><ele>152</ele></trkpt>
      <trkpt lat="40.406802" lon="116.471433"><ele>152</ele></trkpt>
      <trkpt lat="40.406911" lon="116.470851"><ele>153</ele></trkpt>
      <trkpt lat="40.407031" lon="116.470298"><ele>154</ele></trkpt>
      <trkpt lat="40.407151" lon="116.469721"><ele>154</ele></trkpt>
      <trkpt lat="40.407307" lon="116.469167"><ele>155</ele></trkpt>
      <trkpt lat="40.407686" lon="116.468955"><ele>159</ele></trkpt>
      <trkpt lat="40.408099" lon="116.468958"><ele>159</ele></trkpt>
      <trkpt lat="40.408473" lon="116.468701"><ele>159</ele></trkpt>
      <trkpt lat="40.408536" lon="116.468158"><ele>160</ele></trkpt>
      <trkpt lat="40.408692" lon="116.467585"><ele>159</ele></trkpt>
      <trkpt lat="40.408829" lon="116.467033"><ele>158</ele></trkpt>
      <trkpt lat="40.408926" lon="116.466489"><ele>158</ele></trkpt>
      <trkpt lat="40.408976" lon="116.465894"><ele>166</ele></trkpt>
      <trkpt lat="40.409147" lon="116.465375"><ele>163</ele></trkpt>
      <trkpt lat="40.409275" lon="116.464815"><ele>164</ele></trkpt>
      <trkpt lat="40.409168" lon="116.464281"><ele>164</ele></trkpt>
      <trkpt lat="40.409094" lon="116.463597"><ele>161</ele></trkpt>
      <trkpt lat="40.4091" lon="116.463071"><ele>162</ele></trkpt>
      <trkpt lat="40.409002" lon="116.462575"><ele>163</ele></trkpt>
      <trkpt lat="40.408892" lon="116.462041"><ele>161</ele></trkpt>
      <trkpt lat="40.408761" lon="116.461366"><ele>160</ele></trkpt>
      <trkpt lat="40.408667" lon="116.460779"><ele>156</ele></trkpt>
      <trkpt lat="40.408569" lon="116.460317"><ele>157</ele></trkpt>
      <trkpt lat="40.408511" lon="116.45964"><ele>162</ele></trkpt>
      <trkpt lat="40.408648" lon="116.459108"><ele>166</ele></trkpt>
      <trkpt lat="40.408914" lon="116.458713"><ele>166</ele></trkpt>
      <trkpt lat="40.40934" lon="116.458343"><ele>166</ele></trkpt>
      <trkpt lat="40.409622" lon="116.45806"><ele>167</ele></trkpt>
      <trkpt lat="40.409383" lon="116.457583"><ele>170</ele></trkpt>
      <trkpt lat="40.409147" lon="116.457085"><ele>171</ele></trkpt>
      <trkpt lat="40.40896" lon="116.45656"><ele>171</ele></trkpt>
      <trkpt lat="40.408843" lon="116.456005"><ele>173</ele></trkpt>
      <trkpt lat="40.408848" lon="116.45543"><ele>174</ele></trkpt>
      <trkpt lat="40.408674" lon="116.4549"><ele>174</ele></trkpt>
      <trkpt lat="40.408317" lon="116.454525"><ele>174</ele></trkpt>
      <trkpt lat="40.408037" lon="116.454082"><ele>174</ele></trkpt>
      <trkpt lat="40.407865" lon="116.453538"><ele>175</ele></trkpt>
      <trkpt lat="40.407673" lon="116.453016"><ele>176</ele></trkpt>
      <trkpt lat="40.407449" lon="116.452495"><ele>178</ele></trkpt>
      <trkpt lat="40.407264" lon="116.451955"><ele>179</ele></trkpt>
      <trkpt lat="40.407089" lon="116.451423"><ele>180</ele></trkpt>
      <trkpt lat="40.407034" lon="116.450839"><ele>181</ele></trkpt>
      <trkpt lat="40.407065" lon="116.450246"><ele>182</ele></trkpt>
      <trkpt lat="40.407272" lon="116.449743"><ele>182</ele></trkpt>
      <trkpt lat="40.407535" lon="116.449265"><ele>184</ele></trkpt>
      <trkpt lat="40.407755" lon="116.448768"><ele>184</ele></trkpt>
      <trkpt lat="40.407767" lon="116.448152"><ele>185</ele></trkpt>
      <trkpt lat="40.40746" lon="116.447826"><ele>187</ele></trkpt>
      <trkpt lat="40.40725" lon="116.447419"><ele>191</ele></trkpt>
      <trkpt lat="40.407144" lon="116.44685"><ele>194</ele></trkpt>
      <trkpt lat="40.407151" lon="116.4463"><ele>196</ele></trkpt>
      <trkpt lat="40.407061" lon="116.445712"><ele>197</ele></trkpt>
      <trkpt lat="40.407159" lon="116.445143"><ele>200</ele></trkpt>
      <trkpt lat="40.407169" lon="116.444557"><ele>200</ele></trkpt>
      <trkpt lat="40.407496" lon="116.444574"><ele>197</ele></trkpt>
      <trkpt lat="40.40795" lon="116.44452"><ele>197</ele></trkpt>
      <trkpt lat="40.408389" lon="116.444501"><ele>196</ele></trkpt>
      <trkpt lat="40.408831" lon="116.444341"><ele>195</ele></trkpt>
      <trkpt lat="40.409261" lon="116.444414"><ele>194</ele></trkpt>
      <trkpt lat="40.409701" lon="116.444411"><ele>195</ele></trkpt>
      <trkpt lat="40.41005" lon="116.444052"><ele>199</ele></trkpt>
      <trkpt lat="40.410313" lon="116.443553"><ele>200</ele></trkpt>
      <trkpt lat="40.410555" lon="116.443064"><ele>201</ele></trkpt>
      <trkpt lat="40.410681" lon="116.442509"><ele>203</ele></trkpt>
      <trkpt lat="40.410747" lon="116.441907"><ele>203</ele></trkpt>
      <trkpt lat="40.410733" lon="116.441324"><ele>204</ele></trkpt>
      <trkpt lat="40.41061" lon="116.440763"><ele>205</ele></trkpt>
      <trkpt lat="40.410356" lon="116.440286"><ele>206</ele></trkpt>
      <trkpt lat="40.410109" lon="116.439802"><ele>206</ele></trkpt>
      <trkpt lat="40.409927" lon="116.439273"><ele>206</ele></trkpt>
      <trkpt lat="40.409828" lon="116.43867"><ele>205</ele></trkpt>
      <trkpt lat="40.409806" lon="116.438102"><ele>206</ele></trkpt>
      <trkpt lat="40.409754" lon="116.437497"><ele>208</ele></trkpt>
      <trkpt lat="40.409691" lon="116.436922"><ele>211</ele></trkpt>
      <trkpt lat="40.409663" lon="116.43633"><ele>211</ele></trkpt>
      <trkpt lat="40.409534" lon="116.435757"><ele>213</ele></trkpt>
      <trkpt lat="40.409445" lon="116.435195"><ele>213</ele></trkpt>
      <trkpt lat="40.40927" lon="116.434666"><ele>212</ele></trkpt>
      <trkpt lat="40.409064" lon="116.434141"><ele>213</ele></trkpt>
      <trkpt lat="40.408854" lon="116.433636"><ele>214</ele></trkpt>
      <trkpt lat="40.408792" lon="116.433063"><ele>219</ele></trkpt>
      <trkpt lat="40.408678" lon="116.432495"><ele>223</ele></trkpt>
      <trkpt lat="40.408258" lon="116.432329"><ele>225</ele></trkpt>
      <trkpt lat="40.407819" lon="116.432235"><ele>223</ele></trkpt>
      <trkpt lat="40.407424" lon="116.432001"><ele>222</ele></trkpt>
      <trkpt lat="40.407158" lon="116.431546"><ele>220</ele></trkpt>
      <trkpt lat="40.407051" lon="116.43098"><ele>221</ele></trkpt>
      <trkpt lat="40.407173" lon="116.430469"><ele>223</ele></trkpt>
      <trkpt lat="40.407182" lon="116.429902"><ele>226</ele></trkpt>
      <trkpt lat="40.407099" lon="116.429331"><ele>229</ele></trkpt>
      <trkpt lat="40.407022" lon="116.428746"><ele>230</ele></trkpt>
      <trkpt lat="40.406921" lon="116.428178"><ele>232</ele></trkpt>
      <trkpt lat="40.406825" lon="116.427614"><ele>233</ele></trkpt>
      <trkpt lat="40.406679" lon="116.427048"><ele>235</ele></trkpt>
      <trkpt lat="40.406276" lon="116.426847"><ele>236</ele></trkpt>
      <trkpt lat="40.405899" lon="116.426547"><ele>238</ele></trkpt>
      <trkpt lat="40.405513" lon="116.426302"><ele>240</ele></trkpt>
      <trkpt lat="40.405588" lon="116.425906"><ele>240</ele></trkpt>
      <trkpt lat="40.405654" lon="116.425425"><ele>241</ele></trkpt>
      <trkpt lat="40.405838" lon="116.424892"><ele>241</ele></trkpt>
      <trkpt lat="40.406018" lon="116.424387"><ele>243</ele></trkpt>
      <trkpt lat="40.406101" lon="116.423815"><ele>244</ele></trkpt>
      <trkpt lat="40.406184" lon="116.423228"><ele>245</ele></trkpt>
      <trkpt lat="40.406297" lon="116.422656"><ele>247</ele></trkpt>
      <trkpt lat="40.406406" lon="116.422094"><ele>248</ele></trkpt>
      <trkpt lat="40.406437" lon="116.421503"><ele>249</ele></trkpt>
      <trkpt lat="40.406499" lon="116.421019"><ele>251</ele></trkpt>
      <trkpt lat="40.406852" lon="116.420678"><ele>254</ele></trkpt>
      <trkpt lat="40.407163" lon="116.420323"><ele>256</ele></trkpt>
      <trkpt lat="40.40758" lon="116.420331"><ele>258</ele></trkpt>
      <trkpt lat="40.407574" lon="116.419779"><ele>259</ele></trkpt>
      <trkpt lat="40.407179" lon="116.419516"><ele>261</ele></trkpt>
      <trkpt lat="40.406757" lon="116.419332"><ele>264</ele></trkpt>
      <trkpt lat="40.406407" lon="116.418952"><ele>266</ele></trkpt>
      <trkpt lat="40.40619" lon="116.418474"><ele>266</ele></trkpt>
      <trkpt lat="40.406386" lon="116.417958"><ele>267</ele></trkpt>
      <trkpt lat="40.406781" lon="116.417675"><ele>269</ele></trkpt>
      <trkpt lat="40.407227" lon="116.417706"><ele>271</ele></trkpt>
      <trkpt lat="40.407462" lon="116.417255"><ele>273</ele></trkpt>
      <trkpt lat="40.407459" lon="116.416675"><ele>274</ele></trkpt>
      <trkpt lat="40.407314" lon="116.416112"><ele>276</ele></trkpt>
      <trkpt lat="40.407013" lon="116.415694"><ele>277</ele></trkpt>
      <trkpt lat="40.406746" lon="116.415238"><ele>278</ele></trkpt>
      <trkpt lat="40.406782" lon="116.41468"><ele>280</ele></trkpt>
      <trkpt lat="40.407121" lon="116.414304"><ele>281</ele></trkpt>
      <trkpt lat="40.407545" lon="116.414119"><ele>283</ele></trkpt>
      <trkpt lat="40.407991" lon="116.414168"><ele>286</ele></trkpt>
      <trkpt lat="40.408443" lon="116.414197"><ele>288</ele></trkpt>
      <trkpt lat="40.408852" lon="116.414005"><ele>290</ele></trkpt>
      <trkpt lat="40.409208" lon="116.413632"><ele>291</ele></trkpt>
      <trkpt lat="40.409509" lon="116.413214"><ele>293</ele></trkpt>
      <trkpt lat="40.409595" lon="116.412643"><ele>294</ele></trkpt>
      <trkpt lat="40.409689" lon="116.412078"><ele>296</ele></trkpt>
      <trkpt lat="40.409856" lon="116.411592"><ele>297</ele></trkpt>
      <trkpt lat="40.410059" lon="116.411061"><ele>299</ele></trkpt>
      <trkpt lat="40.410233" lon="116.410535"><ele>302</ele></trkpt>
      <trkpt lat="40.410274" lon="116.409944"><ele>305</ele></trkpt>
      <trkpt lat="40.410182" lon="116.409357"><ele>307</ele></trkpt>
      <trkpt lat="40.410099" lon="116.408781"><ele>308</ele></trkpt>
      <trkpt lat="40.41041" lon="116.408681"><ele>309</ele></trkpt>
      <trkpt lat="40.410873" lon="116.408849"><ele>315</ele></trkpt>
      <trkpt lat="40.411268" lon="116.40894"><ele>319</ele></trkpt>
      <trkpt lat="40.411588" lon="116.408619"><ele>322</ele></trkpt>
      <trkpt lat="40.411751" lon="116.408075"><ele>323</ele></trkpt>
      <trkpt lat="40.41208" lon="116.407798"><ele>322</ele></trkpt>
      <trkpt lat="40.41254" lon="116.407777"><ele>324</ele></trkpt>
      <trkpt lat="40.412893" lon="116.407798"><ele>329</ele></trkpt>
      <trkpt lat="40.413146" lon="116.407315"><ele>338</ele></trkpt>
      <trkpt lat="40.413144" lon="116.406785"><ele>345</ele></trkpt>
      <trkpt lat="40.413247" lon="116.406265"><ele>338</ele></trkpt>
      <trkpt lat="40.413489" lon="116.405826"><ele>341</ele></trkpt>
      <trkpt lat="40.413881" lon="116.405524"><ele>342</ele></trkpt>
      <trkpt lat="40.414317" lon="116.405417"><ele>342</ele></trkpt>
      <trkpt lat="40.41477" lon="116.405392"><ele>349</ele></trkpt>
      <trkpt lat="40.415114" lon="116.405468"><ele>359</ele></trkpt>
      <trkpt lat="40.415556" lon="116.405628"><ele>362</ele></trkpt>
      <trkpt lat="40.415998" lon="116.405791"><ele>376</ele></trkpt>
      <trkpt lat="40.416359" lon="116.405747"><ele>380</ele></trkpt>
      <trkpt lat="40.416822" lon="116.405842"><ele>381</ele></trkpt>
      <trkpt lat="40.4173" lon="116.405814"><ele>386</ele></trkpt>
      <trkpt lat="40.417742" lon="116.405974"><ele>388</ele></trkpt>
      <trkpt lat="40.418121" lon="116.405993"><ele>394</ele></trkpt>
      <trkpt lat="40.418589" lon="116.405971"><ele>400</ele></trkpt>
      <trkpt lat="40.418977" lon="116.406329"><ele>409</ele></trkpt>
      <trkpt lat="40.4194" lon="116.406547"><ele>415</ele></trkpt>
      <trkpt lat="40.41978" lon="116.406574"><ele>421</ele></trkpt>
      <trkpt lat="40.420236" lon="116.406423"><ele>428</ele></trkpt>
      <trkpt lat="40.420706" lon="116.406459"><ele>440</ele></trkpt>
      <trkpt lat="40.420941" lon="116.406793"><ele>450</ele></trkpt>
      <trkpt lat="40.421222" lon="116.407246"><ele>458</ele></trkpt>
      <trkpt lat="40.421663" lon="116.406997"><ele>466</ele></trkpt>
      <trkpt lat="40.422091" lon="116.40678"><ele>468</ele></trkpt>
      <trkpt lat="40.422459" lon="116.406737"><ele>476</ele></trkpt>
      <trkpt lat="40.422867" lon="116.406486"><ele>484</ele></trkpt>
      <trkpt lat="40.42333" lon="116.406321"><ele>496</ele></trkpt>
      <trkpt lat="40.423713" lon="116.406244"><ele>502</ele></trkpt>
      <trkpt lat="40.424179" lon="116.406175"><ele>513</ele></trkpt>
      <trkpt lat="40.42462" lon="116.406152"><ele>528</ele></trkpt>
      <trkpt lat="40.425069" lon="116.406073"><ele>539</ele></trkpt>
      <trkpt lat="40.425435" lon="116.406076"><ele>549</ele></trkpt>
      <trkpt lat="40.425792" lon="116.405905"><ele>559</ele></trkpt>
      <trkpt lat="40.426191" lon="116.406036"><ele>575</ele></trkpt>
      <trkpt lat="40.426551" lon="116.405668"><ele>581</ele></trkpt>
      <trkpt lat="40.4267" lon="116.405298"><ele>599</ele></trkpt>
      <trkpt lat="40.426982" lon="116.404858"><ele>621</ele></trkpt>
      <trkpt lat="40.42732" lon="116.404731"><ele>632</ele></trkpt>
      <trkpt lat="40.427522" lon="116.404282"><ele>639</ele></trkpt>
      <trkpt lat="40.427816" lon="116.40397"><ele>653</ele></trkpt>
      <trkpt lat="40.428236" lon="116.403787"><ele>648</ele></trkpt>
      <trkpt lat="40.4286" lon="116.403871"><ele>616</ele></trkpt>
      <trkpt lat="40.429039" lon="116.403922"><ele>595</ele></trkpt>
      <trkpt lat="40.429337" lon="116.403669"><ele>586</ele></trkpt>
      <trkpt lat="40.429679" lon="116.403295"><ele>584</ele></trkpt>
      <trkpt lat="40.429522" lon="116.40279"><ele>570</ele></trkpt>
      <trkpt lat="40.42993" lon="116.402512"><ele>561</ele></trkpt>
      <trkpt lat="40.430325" lon="116.402391"><ele>550</ele></trkpt>
      <trkpt lat="40.430779" lon="116.402315"><ele>537</ele></trkpt>
      <trkpt lat="40.431109" lon="116.402408"><ele>533</ele></trkpt>
      <trkpt lat="40.43148" lon="116.402718"><ele>523</ele></trkpt>
      <trkpt lat="40.431723" lon="116.40313"><ele>520</ele></trkpt>
      <trkpt lat="40.432181" lon="116.403281"><ele>515</ele></trkpt>
      <trkpt lat="40.432555" lon="116.403195"><ele>500</ele></trkpt>
      <trkpt lat="40.433033" lon="116.403188"><ele>498</ele></trkpt>
      <trkpt lat="40.433427" lon="116.403172"><ele>494</ele></trkpt>
      <trkpt lat="40.433895" lon="116.403494"><ele>484</ele></trkpt>
      <trkpt lat="40.434227" lon="116.40371"><ele>478</ele></trkpt>
      <trkpt lat="40.43455" lon="116.404094"><ele>472</ele></trkpt>
      <trkpt lat="40.434743" lon="116.404623"><ele>464</ele></trkpt>
      <trkpt lat="40.435132" lon="116.404803"><ele>462</ele></trkpt>
      <trkpt lat="40.435652" lon="116.4047"><ele>454</ele></trkpt>
      <trkpt lat="40.436073" lon="116.404505"><ele>454</ele></trkpt>
      <trkpt lat="40.436416" lon="116.404613"><ele>452</ele></trkpt>
      <trkpt lat="40.436802" lon="116.405038"><ele>446</ele></trkpt>
      <trkpt lat="40.437006" lon="116.405536"><ele>440</ele></trkpt>
      <trkpt lat="40.437398" lon="116.405456"><ele>434</ele></trkpt>
      <trkpt lat="40.437675" lon="116.405696"><ele>433</ele></trkpt>
      <trkpt lat="40.437798" lon="116.406278"><ele>423</ele></trkpt>
      <trkpt lat="40.438136" lon="116.406557"><ele>419</ele></trkpt>
      <trkpt lat="40.438526" lon="116.406871"><ele>414</ele></trkpt>
      <trkpt lat="40.438886" lon="116.407185"><ele>411</ele></trkpt>
      <trkpt lat="40.439311" lon="116.40744"><ele>408</ele></trkpt>
      <trkpt lat="40.439791" lon="116.407705"><ele>402</ele></trkpt>
      <trkpt lat="40.440082" lon="116.408085"><ele>399</ele></trkpt>
      <trkpt lat="40.440354" lon="116.408526"><ele>396</ele></trkpt>
      <trkpt lat="40.440621" lon="116.408919"><ele>393</ele></trkpt>
      <trkpt lat="40.440804" lon="116.409344"><ele>387</ele></trkpt>
      <trkpt lat="40.440477" lon="116.409683"><ele>380</ele></trkpt>
      <trkpt lat="40.440387" lon="116.410236"><ele>376</ele></trkpt>
      <trkpt lat="40.440376" lon="116.410752"><ele>375</ele></trkpt>
      <trkpt lat="40.44032" lon="116.411448"><ele>371</ele></trkpt>
      <trkpt lat="40.440225" lon="116.411978"><ele>364</ele></trkpt>
      <trkpt lat="40.44034" lon="116.412448"><ele>361</ele></trkpt>
      <trkpt lat="40.440689" lon="116.41287"><ele>360</ele></trkpt>
      <trkpt lat="40.440988" lon="116.413277"><ele>359</ele></trkpt>
      <trkpt lat="40.44133" lon="116.413485"><ele>355</ele></trkpt>
      <trkpt lat="40.441074" lon="116.413876"><ele>350</ele></trkpt>
      <trkpt lat="40.441263" lon="116.414335"><ele>343</ele></trkpt>
      <trkpt lat="40.441291" lon="116.414778"><ele>328.1</ele></trkpt>
      <trkpt lat="40.441738" lon="116.415143"><ele>328</ele></trkpt>
      <trkpt lat="40.441847" lon="116.415134"><ele>327</ele></trkpt>
      <trkpt lat="40.442219" lon="116.415055"><ele>356</ele></trkpt>
      <trkpt lat="40.442595" lon="116.414732"><ele>357</ele></trkpt>
      <trkpt lat="40.442847" lon="116.414302"><ele>354</ele></trkpt>
      <trkpt lat="40.443125" lon="116.414476"><ele>362</ele></trkpt>
      <trkpt lat="40.443372" lon="116.414702"><ele>376</ele></trkpt>
      <trkpt lat="40.443363" lon="116.415259"><ele>376</ele></trkpt>
      <trkpt lat="40.443311" lon="116.415845"><ele>376</ele></trkpt>
      <trkpt lat="40.443177" lon="116.416398"><ele>376</ele></trkpt>
      <trkpt lat="40.442999" lon="116.416894"><ele>378</ele></trkpt>
      <trkpt lat="40.442771" lon="116.417386"><ele>378</ele></trkpt>
      <trkpt lat="40.442762" lon="116.417728"><ele>378</ele></trkpt>
      <trkpt lat="40.443022" lon="116.418204"><ele>387</ele></trkpt>
      <trkpt lat="40.443216" lon="116.418724"><ele>397</ele></trkpt>
      <trkpt lat="40.443432" lon="116.419244"><ele>408</ele></trkpt>
      <trkpt lat="40.443509" lon="116.419563"><ele>419</ele></trkpt>
      <trkpt lat="40.443877" lon="116.419872"><ele>430</ele></trkpt>
      <trkpt lat="40.443983" lon="116.420351"><ele>441</ele></trkpt>
      <trkpt lat="40.444143" lon="116.420761"><ele>457</ele></trkpt>
      <trkpt lat="40.444279" lon="116.421294"><ele>469</ele></trkpt>
      <trkpt lat="40.444525" lon="116.421641"><ele>491</ele></trkpt>
      <trkpt lat="40.444827" lon="116.422025"><ele>514</ele></trkpt>
      <trkpt lat="40.444896" lon="116.422414"><ele>526</ele></trkpt>
      <trkpt lat="40.444596" lon="116.422835"><ele>517</ele></trkpt>
      <trkpt lat="40.444225" lon="116.423157"><ele>516</ele></trkpt>
      <trkpt lat="40.444167" lon="116.423577"><ele>475</ele></trkpt>
      <trkpt lat="40.444013" lon="116.423875"><ele>464</ele></trkpt>
      <trkpt lat="40.444081" lon="116.424209"><ele>465</ele></trkpt>
      <trkpt lat="40.444028" lon="116.424768"><ele>440</ele></trkpt>
      <trkpt lat="40.444056" lon="116.425311"><ele>424</ele></trkpt>
      <trkpt lat="40.443962" lon="116.425824"><ele>412</ele></trkpt>
      <trkpt lat="40.444051" lon="116.426414"><ele>403</ele></trkpt>
      <trkpt lat="40.444143" lon="116.426827"><ele>383</ele></trkpt>
      <trkpt lat="40.444278" lon="116.427321"><ele>369</ele></trkpt>
      <trkpt lat="40.44435" lon="116.427856"><ele>353</ele></trkpt>
      <trkpt lat="40.444202" lon="116.428261"><ele>337</ele></trkpt>
      <trkpt lat="40.44456" lon="116.42792"><ele>368</ele></trkpt>
      <trkpt lat="40.444761" lon="116.427424"><ele>368</ele></trkpt>
      <trkpt lat="40.444984" lon="116.426931"><ele>369</ele></trkpt>
      <trkpt lat="40.445304" lon="116.42704"><ele>370</ele></trkpt>
      <trkpt lat="40.445659" lon="116.427162"><ele>369</ele></trkpt>
      <trkpt lat="40.445578" lon="116.427689"><ele>370</ele></trkpt>
      <trkpt lat="40.445483" lon="116.428254"><ele>370</ele></trkpt>
      <trkpt lat="40.445552" lon="116.428645"><ele>370</ele></trkpt>
      <trkpt lat="40.445452" lon="116.429038"><ele>370</ele></trkpt>
      <trkpt lat="40.445298" lon="116.429433"><ele>372</ele></trkpt>
      <trkpt lat="40.445705" lon="116.429626"><ele>373</ele></trkpt>
      <trkpt lat="40.44581" lon="116.429873"><ele>371</ele></trkpt>
      <trkpt lat="40.445751" lon="116.430308"><ele>354</ele></trkpt>
      <trkpt lat="40.446194" lon="116.430248"><ele>358</ele></trkpt>
      <trkpt lat="40.446569" lon="116.429975"><ele>370</ele></trkpt>
      <trkpt lat="40.446901" lon="116.430345"><ele>371</ele></trkpt>
      <trkpt lat="40.447327" lon="116.430531"><ele>372</ele></trkpt>
      <trkpt lat="40.44774" lon="116.430742"><ele>375</ele></trkpt>
      <trkpt lat="40.448145" lon="116.430938"><ele>378</ele></trkpt>
      <trkpt lat="40.448236" lon="116.431351"><ele>372</ele></trkpt>
      <trkpt lat="40.448114" lon="116.431787"><ele>375</ele></trkpt>
      <trkpt lat="40.447736" lon="116.432128"><ele>374</ele></trkpt>
      <trkpt lat="40.447792" lon="116.432691"><ele>374</ele></trkpt>
      <trkpt lat="40.448077" lon="116.433098"><ele>374</ele></trkpt>
      <trkpt lat="40.448498" lon="116.43328"><ele>373</ele></trkpt>
      <trkpt lat="40.448913" lon="116.433496"><ele>374</ele></trkpt>
      <trkpt lat="40.449127" lon="116.434"><ele>374</ele></trkpt>
      <trkpt lat="40.449234" lon="116.43457"><ele>374</ele></trkpt>
      <trkpt lat="40.449319" lon="116.435159"><ele>375</ele></trkpt>
      <trkpt lat="40.449514" lon="116.435648"><ele>375</ele></trkpt>
      <trkpt lat="40.449886" lon="116.43602"><ele>374</ele></trkpt>
      <trkpt lat="40.450233" lon="116.436341"><ele>375</ele></trkpt>
      <trkpt lat="40.450682" lon="116.436269"><ele>374</ele></trkpt>
      <trkpt lat="40.451112" lon="116.436345"><ele>374</ele></trkpt>
      <trkpt lat="40.451523" lon="116.4364"><ele>377</ele></trkpt>
      <trkpt lat="40.451957" lon="116.436328"><ele>385</ele></trkpt>
      <trkpt lat="40.452343" lon="116.436149"><ele>392</ele></trkpt>
      <trkpt lat="40.452777" lon="116.436028"><ele>401</ele></trkpt>
      <trkpt lat="40.453217" lon="116.43607"><ele>409</ele></trkpt>
      <trkpt lat="40.453579" lon="116.435744"><ele>414</ele></trkpt>
      <trkpt lat="40.453765" lon="116.435234"><ele>424</ele></trkpt>
      <trkpt lat="40.453904" lon="116.435329"><ele>434</ele></trkpt>
      <trkpt lat="40.454285" lon="116.435619"><ele>440</ele></trkpt>
      <trkpt lat="40.454706" lon="116.435632"><ele>452</ele></trkpt>
      <trkpt lat="40.454954" lon="116.436029"><ele>481</ele></trkpt>
      <trkpt lat="40.455244" lon="116.436439"><ele>503</ele></trkpt>
      <trkpt lat="40.455548" lon="116.436831"><ele>525</ele></trkpt>
      <trkpt lat="40.455552" lon="116.437279"><ele>546</ele></trkpt>
      <trkpt lat="40.455877" lon="116.437617"><ele>552</ele></trkpt>
      <trkpt lat="40.456229" lon="116.437615"><ele>551</ele></trkpt>
      <trkpt lat="40.456602" lon="116.437337"><ele>542</ele></trkpt>
      <trkpt lat="40.456535" lon="116.437723"><ele>528</ele></trkpt>
      <trkpt lat="40.456705" lon="116.438274"><ele>516</ele></trkpt>
      <trkpt lat="40.456846" lon="116.438624"><ele>492</ele></trkpt>
      <trkpt lat="40.456587" lon="116.438963"><ele>479</ele></trkpt>
      <trkpt lat="40.456506" lon="116.439531"><ele>473</ele></trkpt>
      <trkpt lat="40.456125" lon="116.439723"><ele>459</ele></trkpt>
      <trkpt lat="40.456156" lon="116.440219"><ele>450</ele></trkpt>
      <trkpt lat="40.456018" lon="116.440771"><ele>441</ele></trkpt>
      <trkpt lat="40.455796" lon="116.441286"><ele>434</ele></trkpt>
      <trkpt lat="40.455489" lon="116.441678"><ele>426</ele></trkpt>
      <trkpt lat="40.455143" lon="116.442062"><ele>422</ele></trkpt>
      <trkpt lat="40.454855" lon="116.44247"><ele>419</ele></trkpt>
      <trkpt lat="40.454658" lon="116.443009"><ele>415</ele></trkpt>
      <trkpt lat="40.454346" lon="116.443312"><ele>411</ele></trkpt>
      <trkpt lat="40.453979" lon="116.443663"><ele>408</ele></trkpt>
      <trkpt lat="40.453603" lon="116.443781"><ele>406</ele></trkpt>
      <trkpt lat="40.453211" lon="116.443977"><ele>401</ele></trkpt>
      <trkpt lat="40.452874" lon="116.444333"><ele>396</ele></trkpt>
      <trkpt lat="40.452627" lon="116.444752"><ele>389</ele></trkpt>
      <trkpt lat="40.452478" lon="116.445191"><ele>386</ele></trkpt>
      <trkpt lat="40.452075" lon="116.445425"><ele>384</ele></trkpt>
      <trkpt lat="40.451843" lon="116.44501"><ele>380</ele></trkpt>
      <trkpt lat="40.451509" lon="116.444907"><ele>379</ele></trkpt>
      <trkpt lat="40.451236" lon="116.445009"><ele>373</ele></trkpt>
      <trkpt lat="40.451223" lon="116.444423"><ele>370</ele></trkpt>
      <trkpt lat="40.45112" lon="116.444139"><ele>367</ele></trkpt>
      <trkpt lat="40.450924" lon="116.444672"><ele>364</ele></trkpt>
      <trkpt lat="40.450555" lon="116.444886"><ele>363</ele></trkpt>
      <trkpt lat="40.45014" lon="116.444914"><ele>359</ele></trkpt>
      <trkpt lat="40.449826" lon="116.445294"><ele>354</ele></trkpt>
      <trkpt lat="40.449441" lon="116.445652"><ele>350</ele></trkpt>
      <trkpt lat="40.449197" lon="116.44596"><ele>260</ele></trkpt>
      <trkpt lat="40.449065" lon="116.446162"><ele>260</ele></trkpt>
      <trkpt lat="40.449152" lon="116.446753"><ele>260</ele></trkpt>
      <trkpt lat="40.449" lon="116.447186"><ele>258</ele></trkpt>
      <trkpt lat="40.448606" lon="116.447389"><ele>257</ele></trkpt>
      <trkpt lat="40.44871" lon="116.447974"><ele>255</ele></trkpt>
      <trkpt lat="40.448832" lon="116.448583"><ele>255</ele></trkpt>
      <trkpt lat="40.449011" lon="116.449164"><ele>255</ele></trkpt>
      <trkpt lat="40.449218" lon="116.449631"><ele>256</ele></trkpt>
      <trkpt lat="40.449434" lon="116.450061"><ele>260</ele></trkpt>
      <trkpt lat="40.449044" lon="116.450149"><ele>261</ele></trkpt>
      <trkpt lat="40.44866" lon="116.449849"><ele>263</ele></trkpt>
      <trkpt lat="40.448284" lon="116.449533"><ele>265</ele></trkpt>
      <trkpt lat="40.44785" lon="116.449632"><ele>266</ele></trkpt>
      <trkpt lat="40.447421" lon="116.449665"><ele>267</ele></trkpt>
      <trkpt lat="40.447058" lon="116.449932"><ele>268</ele></trkpt>
      <trkpt lat="40.446714" lon="116.450296"><ele>273</ele></trkpt>
      <trkpt lat="40.446424" lon="116.450725"><ele>279</ele></trkpt>
      <trkpt lat="40.44606" lon="116.451063"><ele>280</ele></trkpt>
      <trkpt lat="40.445661" lon="116.45123"><ele>284</ele></trkpt>
      <trkpt lat="40.44533" lon="116.451604"><ele>291</ele></trkpt>
      <trkpt lat="40.444996" lon="116.451991"><ele>297</ele></trkpt>
      <trkpt lat="40.444679" lon="116.452344"><ele>303</ele></trkpt>
      <trkpt lat="40.444495" lon="116.452785"><ele>311</ele></trkpt>
      <trkpt lat="40.444179" lon="116.45314"><ele>321</ele></trkpt>
      <trkpt lat="40.443872" lon="116.453565"><ele>329</ele></trkpt>
      <trkpt lat="40.443649" lon="116.45405"><ele>338</ele></trkpt>
      <trkpt lat="40.443445" lon="116.454336"><ele>354</ele></trkpt>
      <trkpt lat="40.443054" lon="116.454346"><ele>369</ele></trkpt>
      <trkpt lat="40.443265" lon="116.454862"><ele>376</ele></trkpt>
      <trkpt lat="40.443548" lon="116.455288"><ele>393</ele></trkpt>
      <trkpt lat="40.443808" lon="116.455727"><ele>412</ele></trkpt>
      <trkpt lat="40.444091" lon="116.456157"><ele>407</ele></trkpt>
      <trkpt lat="40.444263" lon="116.456669"><ele>401</ele></trkpt>
      <trkpt lat="40.444527" lon="116.457142"><ele>414</ele></trkpt>
      <trkpt lat="40.444589" lon="116.457664"><ele>417</ele></trkpt>
      <trkpt lat="40.444568" lon="116.458241"><ele>416</ele></trkpt>
      <trkpt lat="40.444815" lon="116.458741"><ele>420</ele></trkpt>
      <trkpt lat="40.445064" lon="116.459216"><ele>413</ele></trkpt>
      <trkpt lat="40.445414" lon="116.459563"><ele>413</ele></trkpt>
      <trkpt lat="40.445726" lon="116.459955"><ele>431</ele></trkpt>
      <trkpt lat="40.445957" lon="116.460384"><ele>435</ele></trkpt>
      <trkpt lat="40.446184" lon="116.460885"><ele>426</ele></trkpt>
      <trkpt lat="40.446267" lon="116.461461"><ele>432</ele></trkpt>
      <trkpt lat="40.446389" lon="116.462036"><ele>440</ele></trkpt>
      <trkpt lat="40.446523" lon="116.462583"><ele>438</ele></trkpt>
      <trkpt lat="40.446788" lon="116.463032"><ele>440</ele></trkpt>
      <trkpt lat="40.446934" lon="116.463568"><ele>444</ele></trkpt>
      <trkpt lat="40.447033" lon="116.464135"><ele>461</ele></trkpt>
      <trkpt lat="40.447165" lon="116.464681"><ele>461</ele></trkpt>
      <trkpt lat="40.447213" lon="116.465249"><ele>454</ele></trkpt>
      <trkpt lat="40.447385" lon="116.46579"><ele>464</ele></trkpt>
      <trkpt lat="40.447621" lon="116.466227"><ele>477</ele></trkpt>
      <trkpt lat="40.447804" lon="116.46671"><ele>493</ele></trkpt>
      <trkpt lat="40.447982" lon="116.467181"><ele>508</ele></trkpt>
      <trkpt lat="40.448085" lon="116.467737"><ele>510</ele></trkpt>
      <trkpt lat="40.448115" lon="116.468295"><ele>520</ele></trkpt>
      <trkpt lat="40.448308" lon="116.46882"><ele>533</ele></trkpt>
      <trkpt lat="40.448583" lon="116.469274"><ele>542</ele></trkpt>
      <trkpt lat="40.448875" lon="116.469706"><ele>548</ele></trkpt>
      <trkpt lat="40.449285" lon="116.469814"><ele>541</ele></trkpt>
      <trkpt lat="40.449693" lon="116.470045"><ele>541</ele></trkpt>
      <trkpt lat="40.450097" lon="116.47029"><ele>550</ele></trkpt>
      <trkpt lat="40.450433" lon="116.470629"><ele>543</ele></trkpt>
      <trkpt lat="40.45006" lon="116.470677"><ele>538</ele></trkpt>
      <trkpt lat="40.44963" lon="116.470667"><ele>528</ele></trkpt>
      <trkpt lat="40.449249" lon="116.470403"><ele>522</ele></trkpt>
      <trkpt lat="40.448828" lon="116.470494"><ele>512</ele></trkpt>
      <trkpt lat="40.448479" lon="116.470803"><ele>508</ele></trkpt>
      <trkpt lat="40.448082" lon="116.471086"><ele>496</ele></trkpt>
      <trkpt lat="40.447852" lon="116.471483"><ele>482</ele></trkpt>
      <trkpt lat="40.447868" lon="116.471944"><ele>461</ele></trkpt>
      <trkpt lat="40.447807" lon="116.472511"><ele>447</ele></trkpt>
      <trkpt lat="40.447885" lon="116.473044"><ele>434</ele></trkpt>
      <trkpt lat="40.447479" lon="116.472816"><ele>423</ele></trkpt>
      <trkpt lat="40.447155" lon="116.472846"><ele>406</ele></trkpt>
      <trkpt lat="40.446807" lon="116.473103"><ele>391</ele></trkpt>
      <trkpt lat="40.446931" lon="116.473434"><ele>377</ele></trkpt>
      <trkpt lat="40.447013" lon="116.473984"><ele>361</ele></trkpt>
      <trkpt lat="40.446727" lon="116.474325"><ele>336</ele></trkpt>
      <trkpt lat="40.446895" lon="116.474793"><ele>329</ele></trkpt>
      <trkpt lat="40.446827" lon="116.475347"><ele>319</ele></trkpt>
      <trkpt lat="40.446571" lon="116.475304"><ele>301</ele></trkpt>
      <trkpt lat="40.446217" lon="116.475259"><ele>289</ele></trkpt>
      <trkpt lat="40.445899" lon="116.47535"><ele>273</ele></trkpt>
      <trkpt lat="40.445522" lon="116.475256"><ele>253</ele></trkpt>
      <trkpt lat="40.445168" lon="116.47493"><ele>250</ele></trkpt>
      <trkpt lat="40.444778" lon="116.475163"><ele>247</ele></trkpt>
      <trkpt lat="40.444426" lon="116.475506"><ele>245</ele></trkpt>
      <trkpt lat="40.444085" lon="116.475901"><ele>242</ele></trkpt>
      <trkpt lat="40.443892" lon="116.476424"><ele>238</ele></trkpt>
      <trkpt lat="40.443488" lon="116.476452"><ele>237</ele></trkpt>
      <trkpt lat="40.443062" lon="116.476265"><ele>233</ele></trkpt>
      <trkpt lat="40.442657" lon="116.476507"><ele>226</ele></trkpt>
      <trkpt lat="40.442295" lon="116.476699"><ele>223</ele></trkpt>
      <trkpt lat="40.441858" lon="116.476871"><ele>223</ele></trkpt>
      <trkpt lat="40.441432" lon="116.476896"><ele>220</ele></trkpt>
      <trkpt lat="40.440974" lon="116.476842"><ele>219</ele></trkpt>
      <trkpt lat="40.440583" lon="116.476472"><ele>218</ele></trkpt>
      <trkpt lat="40.440161" lon="116.476225"><ele>216</ele></trkpt>
      <trkpt lat="40.43976" lon="116.476084"><ele>216</ele></trkpt>
      <trkpt lat="40.439343" lon="116.476017"><ele>213</ele></trkpt>
      <trkpt lat="40.438882" lon="116.47586"><ele>211</ele></trkpt>
      <trkpt lat="40.438495" lon="116.475439"><ele>207</ele></trkpt>
      <trkpt lat="40.438176" lon="116.475021"><ele>205</ele></trkpt>
      <trkpt lat="40.437845" lon="116.474686"><ele>203</ele></trkpt>
      <trkpt lat="40.437452" lon="116.474585"><ele>200</ele></trkpt>
      <trkpt lat="40.437004" lon="116.474679"><ele>195</ele></trkpt>
      <trkpt lat="40.436574" lon="116.474465"><ele>192</ele></trkpt>
      <trkpt lat="40.436167" lon="116.474205"><ele>191</ele></trkpt>
      <trkpt lat="40.435748" lon="116.474073"><ele>189</ele></trkpt>
      <trkpt lat="40.435305" lon="116.474015"><ele>187</ele></trkpt>
      <trkpt lat="40.434829" lon="116.474086"><ele>186</ele></trkpt>
      <trkpt lat="40.434421" lon="116.474191"><ele>185</ele></trkpt>
      <trkpt lat="40.43414" lon="116.47447"><ele>217</ele></trkpt>
      <trkpt lat="40.434061" lon="116.475115"><ele>220</ele></trkpt>
      <trkpt lat="40.434038" lon="116.475621"><ele>217</ele></trkpt>
      <trkpt lat="40.433803" lon="116.476007"><ele>184</ele></trkpt>
      <trkpt lat="40.434208" lon="116.476242"><ele>184</ele></trkpt>
      <trkpt lat="40.434622" lon="116.476461"><ele>187</ele></trkpt>
      <trkpt lat="40.43506" lon="116.476541"><ele>189</ele></trkpt>
      <trkpt lat="40.435446" lon="116.476795"><ele>192</ele></trkpt>
      <trkpt lat="40.435776" lon="116.477111"><ele>194</ele></trkpt>
      <trkpt lat="40.435828" lon="116.477699"><ele>199</ele></trkpt>
      <trkpt lat="40.43573" lon="116.478273"><ele>200</ele></trkpt>
      <trkpt lat="40.435986" lon="116.478646"><ele>205</ele></trkpt>
      <trkpt lat="40.436387" lon="116.478818"><ele>208</ele></trkpt>
      <trkpt lat="40.436635" lon="116.479296"><ele>214</ele></trkpt>
      <trkpt lat="40.436842" lon="116.479796"><ele>222</ele></trkpt>
      <trkpt lat="40.437075" lon="116.480307"><ele>226</ele></trkpt>
      <trkpt lat="40.437437" lon="116.480631"><ele>226</ele></trkpt>
      <trkpt lat="40.43783" lon="116.480842"><ele>228</ele></trkpt>
      <trkpt lat="40.43816" lon="116.481227"><ele>234</ele></trkpt>
      <trkpt lat="40.438507" lon="116.481579"><ele>239</ele></trkpt>
      <trkpt lat="40.438582" lon="116.482157"><ele>243</ele></trkpt>
      <trkpt lat="40.438814" lon="116.48265"><ele>245</ele></trkpt>
      <trkpt lat="40.439206" lon="116.482897"><ele>251</ele></trkpt>
      <trkpt lat="40.439485" lon="116.483366"><ele>254</ele></trkpt>
      <trkpt lat="40.439734" lon="116.48384"><ele>258</ele></trkpt>
      <trkpt lat="40.439974" lon="116.48433"><ele>263</ele></trkpt>
      <trkpt lat="40.440243" lon="116.484791"><ele>269</ele></trkpt>
      <trkpt lat="40.440423" lon="116.485339"><ele>277</ele></trkpt>
      <trkpt lat="40.440276" lon="116.485645"><ele>284</ele></trkpt>
      <trkpt lat="40.439852" lon="116.485454"><ele>289</ele></trkpt>
      <trkpt lat="40.439474" lon="116.485151"><ele>294</ele></trkpt>
      <trkpt lat="40.439285" lon="116.485612"><ele>298</ele></trkpt>
      <trkpt lat="40.439173" lon="116.486165"><ele>301</ele></trkpt>
      <trkpt lat="40.4388" lon="116.486428"><ele>306</ele></trkpt>
      <trkpt lat="40.438901" lon="116.486908"><ele>311</ele></trkpt>
      <trkpt lat="40.439283" lon="116.487217"><ele>315</ele></trkpt>
      <trkpt lat="40.439415" lon="116.487773"><ele>320</ele></trkpt>
      <trkpt lat="40.439496" lon="116.488335"><ele>325</ele></trkpt>
      <trkpt lat="40.439491" lon="116.488881"><ele>329</ele></trkpt>
      <trkpt lat="40.439578" lon="116.489437"><ele>336</ele></trkpt>
      <trkpt lat="40.439658" lon="116.489987"><ele>339</ele></trkpt>
      <trkpt lat="40.439772" lon="116.490533"><ele>346</ele></trkpt>
      <trkpt lat="40.440089" lon="116.490915"><ele>349</ele></trkpt>
      <trkpt lat="40.440532" lon="116.491013"><ele>356</ele></trkpt>
      <trkpt lat="40.440832" lon="116.491347"><ele>361</ele></trkpt>
      <trkpt lat="40.441201" lon="116.49165"><ele>369</ele></trkpt>
      <trkpt lat="40.441379" lon="116.492184"><ele>371</ele></trkpt>
      <trkpt lat="40.441493" lon="116.49274"><ele>380</ele></trkpt>
      <trkpt lat="40.44162" lon="116.4933"><ele>387</ele></trkpt>
      <trkpt lat="40.4418" lon="116.493839"><ele>396</ele></trkpt>
      <trkpt lat="40.442088" lon="116.494242"><ele>403</ele></trkpt>
      <trkpt lat="40.442363" lon="116.494689"><ele>408</ele></trkpt>
      <trkpt lat="40.442754" lon="116.494909"><ele>417</ele></trkpt>
      <trkpt lat="40.44312" lon="116.494914"><ele>425</ele></trkpt>
      <trkpt lat="40.443186" lon="116.495457"><ele>435</ele></trkpt>
      <trkpt lat="40.442989" lon="116.49587"><ele>448</ele></trkpt>
      <trkpt lat="40.442949" lon="116.496399"><ele>460</ele></trkpt>
      <trkpt lat="40.443067" lon="116.496912"><ele>472</ele></trkpt>
      <trkpt lat="40.443039" lon="116.497488"><ele>491</ele></trkpt>
      <trkpt lat="40.442962" lon="116.498065"><ele>501</ele></trkpt>
      <trkpt lat="40.442775" lon="116.498559"><ele>510</ele></trkpt>
      <trkpt lat="40.442517" lon="116.499026"><ele>520</ele></trkpt>
      <trkpt lat="40.442461" lon="116.499379"><ele>535</ele></trkpt>
      <trkpt lat="40.442714" lon="116.499771"><ele>541</ele></trkpt>
      <trkpt lat="40.442597" lon="116.500309"><ele>572</ele></trkpt>
      <trkpt lat="40.442413" lon="116.500707"><ele>592</ele></trkpt>
      <trkpt lat="40.44276" lon="116.501024"><ele>599</ele></trkpt>
      <trkpt lat="40.443161" lon="116.500931"><ele>604</ele></trkpt>
      <trkpt lat="40.443423" lon="116.500882"><ele>600</ele></trkpt>
      <trkpt lat="40.443716" lon="116.501077"><ele>591</ele></trkpt>
      <trkpt lat="40.444134" lon="116.501192"><ele>577</ele></trkpt>
      <trkpt lat="40.444479" lon="116.501547"><ele>563</ele></trkpt>
      <trkpt lat="40.444752" lon="116.501986"><ele>545</ele></trkpt>
      <trkpt lat="40.444753" lon="116.502506"><ele>532</ele></trkpt>
      <trkpt lat="40.444669" lon="116.503052"><ele>516</ele></trkpt>
      <trkpt lat="40.444593" lon="116.503586"><ele>501</ele></trkpt>
      <trkpt lat="40.444624" lon="116.504089"><ele>490</ele></trkpt>
      <trkpt lat="40.444744" lon="116.504626"><ele>480</ele></trkpt>
      <trkpt lat="40.444635" lon="116.505151"><ele>465</ele></trkpt>
      <trkpt lat="40.444457" lon="116.505678"><ele>449</ele></trkpt>
      <trkpt lat="40.444195" lon="116.50613"><ele>440</ele></trkpt>
      <trkpt lat="40.443974" lon="116.506618"><ele>429</ele></trkpt>
      <trkpt lat="40.443796" lon="116.507101"><ele>416</ele></trkpt>
      <trkpt lat="40.443666" lon="116.507651"><ele>407</ele></trkpt>
      <trkpt lat="40.443478" lon="116.508202"><ele>401</ele></trkpt>
      <trkpt lat="40.443202" lon="116.508644"><ele>396</ele></trkpt>
      <trkpt lat="40.443185" lon="116.509248"><ele>389</ele></trkpt>
      <trkpt lat="40.443082" lon="116.509803"><ele>380</ele></trkpt>
      <trkpt lat="40.44317" lon="116.510345"><ele>371</ele></trkpt>
      <trkpt lat="40.443211" lon="116.510952"><ele>362</ele></trkpt>
      <trkpt lat="40.443048" lon="116.511493"><ele>355</ele></trkpt>
      <trkpt lat="40.443033" lon="116.512024"><ele>349</ele></trkpt>
      <trkpt lat="40.44265" lon="116.5123"><ele>346</ele></trkpt>
      <trkpt lat="40.442295" lon="116.512648"><ele>338</ele></trkpt>
      <trkpt lat="40.442051" lon="116.512995"><ele>328</ele></trkpt>
      <trkpt lat="40.442055" lon="116.513589"><ele>323</ele></trkpt>
      <trkpt lat="40.442188" lon="116.514136"><ele>312</ele></trkpt>
      <trkpt lat="40.442251" lon="116.514715"><ele>301</ele></trkpt>
      <trkpt lat="40.44196" lon="116.515134"><ele>295</ele></trkpt>
      <trkpt lat="40.441579" lon="116.515386"><ele>289</ele></trkpt>
      <trkpt lat="40.441206" lon="116.515069"><ele>280</ele></trkpt>
      <trkpt lat="40.44079" lon="116.515176"><ele>276</ele></trkpt>
      <trkpt lat="40.440436" lon="116.515526"><ele>269</ele></trkpt>
      <trkpt lat="40.440088" lon="116.515949"><ele>265</ele></trkpt>
      <trkpt lat="40.439719" lon="116.516217"><ele>260</ele></trkpt>
      <trkpt lat="40.439425" lon="116.51666"><ele>255</ele></trkpt>
      <trkpt lat="40.439302" lon="116.51722"><ele>249</ele></trkpt>
      <trkpt lat="40.439195" lon="116.517803"><ele>247</ele></trkpt>
      <trkpt lat="40.43915" lon="116.518386"><ele>244</ele></trkpt>
      <trkpt lat="40.439227" lon="116.518946"><ele>242</ele></trkpt>
      <trkpt lat="40.439272" lon="116.519535"><ele>240</ele></trkpt>
      <trkpt lat="40.439186" lon="116.520111"><ele>241</ele></trkpt>
      <trkpt lat="40.438979" lon="116.520643"><ele>242</ele></trkpt>
      <trkpt lat="40.43881" lon="116.521172"><ele>239</ele></trkpt>
      <trkpt lat="40.438477" lon="116.521637"><ele>239</ele></trkpt>
      <trkpt lat="40.438167" lon="116.521963"><ele>237</ele></trkpt>
      <trkpt lat="40.437932" lon="116.522472"><ele>235</ele></trkpt>
      <trkpt lat="40.437693" lon="116.522977"><ele>234</ele></trkpt>
      <trkpt lat="40.437325" lon="116.523404"><ele>232</ele></trkpt>
      <trkpt lat="40.437053" lon="116.523826"><ele>230</ele></trkpt>
      <trkpt lat="40.436719" lon="116.524155"><ele>228</ele></trkpt>
      <trkpt lat="40.436394" lon="116.524585"><ele>225</ele></trkpt>
      <trkpt lat="40.436238" lon="116.525186"><ele>221</ele></trkpt>
      <trkpt lat="40.436106" lon="116.525696"><ele>218</ele></trkpt>
      <trkpt lat="40.435934" lon="116.526287"><ele>216</ele></trkpt>
      <trkpt lat="40.435758" lon="116.526781"><ele>215</ele></trkpt>
      <trkpt lat="40.435523" lon="116.527278"><ele>214</ele></trkpt>
      <trkpt lat="40.435263" lon="116.527759"><ele>210</ele></trkpt>
      <trkpt lat="40.435491" lon="116.528204"><ele>206</ele></trkpt>
      <trkpt lat="40.435919" lon="116.528419"><ele>206</ele></trkpt>
      <trkpt lat="40.436308" lon="116.528649"><ele>208</ele></trkpt>
      <trkpt lat="40.436738" lon="116.528819"><ele>210</ele></trkpt>
      <trkpt lat="40.437177" lon="116.528877"><ele>212</ele></trkpt>
      <trkpt lat="40.43762" lon="116.528855"><ele>211</ele></trkpt>
      <trkpt lat="40.43807" lon="116.52883"><ele>212</ele></trkpt>
      <trkpt lat="40.438493" lon="116.528801"><ele>213</ele></trkpt>
      <trkpt lat="40.438975" lon="116.528782"><ele>214</ele></trkpt>
      <trkpt lat="40.43942" lon="116.528849"><ele>216</ele></trkpt>
      <trkpt lat="40.439852" lon="116.528887"><ele>218</ele></trkpt>
      <trkpt lat="40.440286" lon="116.528786"><ele>220</ele></trkpt>
      <trkpt lat="40.440737" lon="116.52874"><ele>222</ele></trkpt>
      <trkpt lat="40.441118" lon="116.528978"><ele>223</ele></trkpt>
      <trkpt lat="40.441085" lon="116.529448"><ele>225</ele></trkpt>
      <trkpt lat="40.441293" lon="116.529951"><ele>234</ele></trkpt>
      <trkpt lat="40.441492" lon="116.530456"><ele>241</ele></trkpt>
      <trkpt lat="40.441593" lon="116.53102"><ele>252</ele></trkpt>
      <trkpt lat="40.44186" lon="116.531491"><ele>259</ele></trkpt>
      <trkpt lat="40.442074" lon="116.532006"><ele>263</ele></trkpt>
      <trkpt lat="40.442307" lon="116.532507"><ele>275</ele></trkpt>
      <trkpt lat="40.442411" lon="116.533069"><ele>283</ele></trkpt>
      <trkpt lat="40.442394" lon="116.533642"><ele>289</ele></trkpt>
      <trkpt lat="40.442376" lon="116.534227"><ele>297</ele></trkpt>
      <trkpt lat="40.44241" lon="116.534802"><ele>307</ele></trkpt>
      <trkpt lat="40.442405" lon="116.535262"><ele>322</ele></trkpt>
      <trkpt lat="40.442494" lon="116.535778"><ele>332</ele></trkpt>
      <trkpt lat="40.442355" lon="116.536262"><ele>349</ele></trkpt>
      <trkpt lat="40.442491" lon="116.536732"><ele>224</ele></trkpt>
      <trkpt lat="40.442541" lon="116.537202"><ele>377</ele></trkpt>
      <trkpt lat="40.442535" lon="116.537676"><ele>403</ele></trkpt>
      <trkpt lat="40.442731" lon="116.538168"><ele>426</ele></trkpt>
      <trkpt lat="40.442778" lon="116.538556"><ele>448</ele></trkpt>
      <trkpt lat="40.443168" lon="116.538763"><ele>472</ele></trkpt>
      <trkpt lat="40.443582" lon="116.538846"><ele>486</ele></trkpt>
      <trkpt lat="40.443891" lon="116.539097"><ele>498</ele></trkpt>
      <trkpt lat="40.444161" lon="116.539541"><ele>500</ele></trkpt>
      <trkpt lat="40.444302" lon="116.540048"><ele>498</ele></trkpt>
      <trkpt lat="40.444081" lon="116.540545"><ele>503</ele></trkpt>
      <trkpt lat="40.443895" lon="116.541019"><ele>511</ele></trkpt>
      <trkpt lat="40.44357" lon="116.54134"><ele>513</ele></trkpt>
      <trkpt lat="40.443239" lon="116.541515"><ele>507</ele></trkpt>
      <trkpt lat="40.443496" lon="116.541758"><ele>522</ele></trkpt>
      <trkpt lat="40.443851" lon="116.541559"><ele>531</ele></trkpt>
      <trkpt lat="40.444161" lon="116.541627"><ele>544</ele></trkpt>
      <trkpt lat="40.444546" lon="116.541843"><ele>559</ele></trkpt>
      <trkpt lat="40.444984" lon="116.541706"><ele>565</ele></trkpt>
      <trkpt lat="40.445387" lon="116.541871"><ele>577</ele></trkpt>
      <trkpt lat="40.445783" lon="116.542148"><ele>582</ele></trkpt>
      <trkpt lat="40.446145" lon="116.54243"><ele>592</ele></trkpt>
      <trkpt lat="40.446204" lon="116.542963"><ele>612</ele></trkpt>
      <trkpt lat="40.446289" lon="116.54352"><ele>618</ele></trkpt>
      <trkpt lat="40.446648" lon="116.543787"><ele>622</ele></trkpt>
      <trkpt lat="40.446934" lon="116.544231"><ele>627</ele></trkpt>
      <trkpt lat="40.447104" lon="116.544727"><ele>621</ele></trkpt>
      <trkpt lat="40.447187" lon="116.545248"><ele>622</ele></trkpt>
      <trkpt lat="40.446943" lon="116.545723"><ele>623</ele></trkpt>
      <trkpt lat="40.446646" lon="116.546132"><ele>624</ele></trkpt>
      <trkpt lat="40.446666" lon="116.546555"><ele>647</ele></trkpt>
      <trkpt lat="40.44704" lon="116.546611"><ele>653</ele></trkpt>
      <trkpt lat="40.446912" lon="116.547061"><ele>634</ele></trkpt>
      <trkpt lat="40.446499" lon="116.547281"><ele>615</ele></trkpt>
      <trkpt lat="40.4461" lon="116.547358"><ele>587</ele></trkpt>
      <trkpt lat="40.445891" lon="116.547717"><ele>564</ele></trkpt>
      <trkpt lat="40.445589" lon="116.548127"><ele>555</ele></trkpt>
      <trkpt lat="40.445433" lon="116.548673"><ele>538</ele></trkpt>
      <trkpt lat="40.445156" lon="116.548984"><ele>514</ele></trkpt>
      <trkpt lat="40.444863" lon="116.549269"><ele>501</ele></trkpt>
      <trkpt lat="40.444546" lon="116.54963"><ele>495</ele></trkpt>
      <trkpt lat="40.444616" lon="116.549866"><ele>480</ele></trkpt>
      <trkpt lat="40.444673" lon="116.550339"><ele>467</ele></trkpt>
      <trkpt lat="40.444324" lon="116.550637"><ele>457</ele></trkpt>
      <trkpt lat="40.444057" lon="116.550981"><ele>464</ele></trkpt>
      <trkpt lat="40.444373" lon="116.551246"><ele>480</ele></trkpt>
      <trkpt lat="40.444586" lon="116.551528"><ele>497</ele></trkpt>
      <trkpt lat="40.444971" lon="116.551787"><ele>513</ele></trkpt>
      <trkpt lat="40.445414" lon="116.551736"><ele>530</ele></trkpt>
      <trkpt lat="40.445671" lon="116.552155"><ele>538</ele></trkpt>
      <trkpt lat="40.445658" lon="116.552649"><ele>555</ele></trkpt>
      <trkpt lat="40.445394" lon="116.553095"><ele>563</ele></trkpt>
      <trkpt lat="40.445578" lon="116.553357"><ele>579</ele></trkpt>
      <trkpt lat="40.445964" lon="116.553596"><ele>594</ele></trkpt>
      <trkpt lat="40.44618" lon="116.553901"><ele>609</ele></trkpt>
      <trkpt lat="40.445968" lon="116.554118"><ele>621</ele></trkpt>
      <trkpt lat="40.446233" lon="116.554293"><ele>635</ele></trkpt>
      <trkpt lat="40.446632" lon="116.554334"><ele>646</ele></trkpt>
      <trkpt lat="40.446918" lon="116.554703"><ele>670</ele></trkpt>
      <trkpt lat="40.447051" lon="116.555085"><ele>673</ele></trkpt>
      <trkpt lat="40.44742" lon="116.554735"><ele>691</ele></trkpt>
      <trkpt lat="40.447773" lon="116.55442"><ele>719</ele></trkpt>
      <trkpt lat="40.448101" lon="116.554031"><ele>748</ele></trkpt>
      <trkpt lat="40.448361" lon="116.553597"><ele>787</ele></trkpt>
      <trkpt lat="40.44878" lon="116.553384"><ele>804</ele></trkpt>
      <trkpt lat="40.449217" lon="116.553323"><ele>825</ele></trkpt>
      <trkpt lat="40.449408" lon="116.552935"><ele>827</ele></trkpt>
      <trkpt lat="40.449521" lon="116.552354"><ele>830</ele></trkpt>
      <trkpt lat="40.449705" lon="116.551806"><ele>837</ele></trkpt>
      <trkpt lat="40.449936" lon="116.551318"><ele>838</ele></trkpt>
      <trkpt lat="40.450093" lon="116.550785"><ele>852</ele></trkpt>
      <trkpt lat="40.450255" lon="116.550252"><ele>863</ele></trkpt>
      <trkpt lat="40.450437" lon="116.549699"><ele>881</ele></trkpt>
      <trkpt lat="40.450498" lon="116.549218"><ele>883</ele></trkpt>
      <trkpt lat="40.450451" lon="116.548624"><ele>883</ele></trkpt>
      <trkpt lat="40.450513" lon="116.548047"><ele>883</ele></trkpt>
      <trkpt lat="40.450698" lon="116.547633"><ele>882</ele></trkpt>
      <trkpt lat="40.450893" lon="116.547171"><ele>873</ele></trkpt>
      <trkpt lat="40.451021" lon="116.546597"><ele>877</ele></trkpt>
      <trkpt lat="40.451319" lon="116.546212"><ele>872</ele></trkpt>
      <trkpt lat="40.451578" lon="116.545787"><ele>878</ele></trkpt>
      <trkpt lat="40.451573" lon="116.545221"><ele>890</ele></trkpt>
      <trkpt lat="40.451454" lon="116.544688"><ele>901</ele></trkpt>
      <trkpt lat="40.451681" lon="116.544212"><ele>901</ele></trkpt>
      <trkpt lat="40.452052" lon="116.543925"><ele>909</ele></trkpt>
      <trkpt lat="40.452423" lon="116.543656"><ele>916</ele></trkpt>
      <trkpt lat="40.452739" lon="116.543284"><ele>920</ele></trkpt>
      <trkpt lat="40.453115" lon="116.542999"><ele>923</ele></trkpt>
      <trkpt lat="40.4534" lon="116.542767"><ele>922</ele></trkpt>
      <trkpt lat="40.453258" lon="116.542233"><ele>929</ele></trkpt>
      <trkpt lat="40.452956" lon="116.541844"><ele>934</ele></trkpt>
      <trkpt lat="40.452785" lon="116.541318"><ele>937</ele></trkpt>
      <trkpt lat="40.452845" lon="116.540734"><ele>926</ele></trkpt>
      <trkpt lat="40.453119" lon="116.540333"><ele>918</ele></trkpt>
      <trkpt lat="40.453318" lon="116.54"><ele>913</ele></trkpt>
      <trkpt lat="40.45375" lon="116.539954"><ele>895</ele></trkpt>
      <trkpt lat="40.454178" lon="116.539849"><ele>879</ele></trkpt>
      <trkpt lat="40.454561" lon="116.539557"><ele>862</ele></trkpt>
      <trkpt lat="40.454954" lon="116.539251"><ele>854</ele></trkpt>
      <trkpt lat="40.455354" lon="116.539039"><ele>843</ele></trkpt>
      <trkpt lat="40.455753" lon="116.538968"><ele>832</ele></trkpt>
      <trkpt lat="40.456129" lon="116.539286"><ele>827</ele></trkpt>
      <trkpt lat="40.456515" lon="116.53955"><ele>818</ele></trkpt>
      <trkpt lat="40.456942" lon="116.539779"><ele>807</ele></trkpt>
      <trkpt lat="40.457346" lon="116.539961"><ele>798</ele></trkpt>
      <trkpt lat="40.457789" lon="116.539957"><ele>785</ele></trkpt>
      <trkpt lat="40.458155" lon="116.5403"><ele>780</ele></trkpt>
      <trkpt lat="40.458429" lon="116.540729"><ele>775</ele></trkpt>
      <trkpt lat="40.458562" lon="116.541299"><ele>768</ele></trkpt>
      <trkpt lat="40.458664" lon="116.541862"><ele>761</ele></trkpt>
      <trkpt lat="40.458985" lon="116.542248"><ele>754</ele></trkpt>
      <trkpt lat="40.459314" lon="116.542645"><ele>747</ele></trkpt>
      <trkpt lat="40.459749" lon="116.542744"><ele>740</ele></trkpt>
      <trkpt lat="40.460104" lon="116.543083"><ele>734</ele></trkpt>
      <trkpt lat="40.460284" lon="116.543613"><ele>728</ele></trkpt>
      <trkpt lat="40.460382" lon="116.544168"><ele>725</ele></trkpt>
      <trkpt lat="40.460682" lon="116.544585"><ele>722</ele></trkpt>
      <trkpt lat="40.460585" lon="116.545131"><ele>722</ele></trkpt>
      <trkpt lat="40.460475" lon="116.545657"><ele>711</ele></trkpt>
      <trkpt lat="40.460487" lon="116.546236"><ele>704</ele></trkpt>
      <trkpt lat="40.460619" lon="116.54676"><ele>699</ele></trkpt>
      <trkpt lat="40.46098" lon="116.547086"><ele>698</ele></trkpt>
      <trkpt lat="40.461378" lon="116.547403"><ele>696</ele></trkpt>
      <trkpt lat="40.461764" lon="116.54766"><ele>688</ele></trkpt>
      <trkpt lat="40.462192" lon="116.547817"><ele>685</ele></trkpt>
      <trkpt lat="40.462596" lon="116.548094"><ele>685</ele></trkpt>
      <trkpt lat="40.462937" lon="116.547822"><ele>684</ele></trkpt>
      <trkpt lat="40.463201" lon="116.547345"><ele>685</ele></trkpt>
      <trkpt lat="40.463595" lon="116.547217"><ele>682</ele></trkpt>
      <trkpt lat="40.464009" lon="116.547229"><ele>673</ele></trkpt>
      <trkpt lat="40.464439" lon="116.547406"><ele>664</ele></trkpt>
      <trkpt lat="40.464606" lon="116.547914"><ele>661</ele></trkpt>
      <trkpt lat="40.46483" lon="116.548393"><ele>657</ele></trkpt>
      <trkpt lat="40.465204" lon="116.548243"><ele>653</ele></trkpt>
      <trkpt lat="40.465615" lon="116.548397"><ele>648</ele></trkpt>
      <trkpt lat="40.465972" lon="116.548746"><ele>642</ele></trkpt>
      <trkpt lat="40.46619" lon="116.549212"><ele>640</ele></trkpt>
      <trkpt lat="40.466589" lon="116.549137"><ele>636</ele></trkpt>
      <trkpt lat="40.466909" lon="116.548833"><ele>633</ele></trkpt>
      <trkpt lat="40.467174" lon="116.549286"><ele>632</ele></trkpt>
      <trkpt lat="40.467478" lon="116.549737"><ele>626</ele></trkpt>
      <trkpt lat="40.467877" lon="116.549908"><ele>622</ele></trkpt>
      <trkpt lat="40.468317" lon="116.549865"><ele>619</ele></trkpt>
      <trkpt lat="40.468743" lon="116.550012"><ele>618</ele></trkpt>
      <trkpt lat="40.469041" lon="116.550442"><ele>616</ele></trkpt>
      <trkpt lat="40.469229" lon="116.55098"><ele>617</ele></trkpt>
      <trkpt lat="40.469574" lon="116.551351"><ele>614</ele></trkpt>
      <trkpt lat="40.469828" lon="116.551811"><ele>611</ele></trkpt>
      <trkpt lat="40.470222" lon="116.552035"><ele>607</ele></trkpt>
      <trkpt lat="40.470636" lon="116.55214"><ele>598</ele></trkpt>
      <trkpt lat="40.470899" lon="116.552607"><ele>595</ele></trkpt>
      <trkpt lat="40.471089" lon="116.553108"><ele>591</ele></trkpt>
      <trkpt lat="40.471397" lon="116.553435"><ele>587</ele></trkpt>
      <trkpt lat="40.471685" lon="116.553864"><ele>584</ele></trkpt>
      <trkpt lat="40.471918" lon="116.554334"><ele>580</ele></trkpt>
      <trkpt lat="40.472144" lon="116.554831"><ele>578</ele></trkpt>
      <trkpt lat="40.472539" lon="116.555029"><ele>575</ele></trkpt>
      <trkpt lat="40.47264" lon="116.555528"><ele>572</ele></trkpt>
      <trkpt lat="40.472911" lon="116.55601"><ele>571</ele></trkpt>
      <trkpt lat="40.473119" lon="116.556495"><ele>568</ele></trkpt>
      <trkpt lat="40.473278" lon="116.557016"><ele>565</ele></trkpt>
      <trkpt lat="40.473402" lon="116.557586"><ele>561</ele></trkpt>
      <trkpt lat="40.473577" lon="116.558086"><ele>559</ele></trkpt>
      <trkpt lat="40.474014" lon="116.5583"><ele>552</ele></trkpt>
      <trkpt lat="40.4744" lon="116.558557"><ele>548</ele></trkpt>
      <trkpt lat="40.474769" lon="116.558894"><ele>543</ele></trkpt>
      <trkpt lat="40.475044" lon="116.559356"><ele>540</ele></trkpt>
      <trkpt lat="40.475328" lon="116.559831"><ele>537</ele></trkpt>
      <trkpt lat="40.475499" lon="116.56038"><ele>531</ele></trkpt>
      <trkpt lat="40.475835" lon="116.56072"><ele>529</ele></trkpt>
      <trkpt lat="40.476194" lon="116.561067"><ele>526</ele></trkpt>
      <trkpt lat="40.476541" lon="116.560865"><ele>521</ele></trkpt>
      <trkpt lat="40.476932" lon="116.560677"><ele>519</ele></trkpt>
      <trkpt lat="40.477256" lon="116.561063"><ele>516</ele></trkpt>
      <trkpt lat="40.477641" lon="116.56135"><ele>515</ele></trkpt>
      <trkpt lat="40.477938" lon="116.561803"><ele>514</ele></trkpt>
      <trkpt lat="40.478147" lon="116.562294"><ele>514</ele></trkpt>
      <trkpt lat="40.478169" lon="116.562866"><ele>515</ele></trkpt>
      <trkpt lat="40.478045" lon="116.563439"><ele>515</ele></trkpt>
      <trkpt lat="40.477712" lon="116.563813"><ele>517</ele></trkpt>
      <trkpt lat="40.477774" lon="116.564372"><ele>515</ele></trkpt>
      <trkpt lat="40.477938" lon="116.564903"><ele>513</ele></trkpt>
      <trkpt lat="40.478075" lon="116.56547"><ele>508</ele></trkpt>
      <trkpt lat="40.478018" lon="116.566059"><ele>505</ele></trkpt>
      <trkpt lat="40.47768" lon="116.566406"><ele>501</ele></trkpt>
      <trkpt lat="40.477439" lon="116.566867"><ele>497</ele></trkpt>
      <trkpt lat="40.47759" lon="116.56735"><ele>491</ele></trkpt>
      <trkpt lat="40.477878" lon="116.567799"><ele>487</ele></trkpt>
      <trkpt lat="40.478198" lon="116.568168"><ele>484</ele></trkpt>
      <trkpt lat="40.478664" lon="116.568232"><ele>480</ele></trkpt>
      <trkpt lat="40.479064" lon="116.568427"><ele>478</ele></trkpt>
      <trkpt lat="40.479297" lon="116.568933"><ele>475</ele></trkpt>
      <trkpt lat="40.479488" lon="116.569414"><ele>472</ele></trkpt>
      <trkpt lat="40.479624" lon="116.569909"><ele>473</ele></trkpt>
      <trkpt lat="40.479634" lon="116.570447"><ele>473</ele></trkpt>
      <trkpt lat="40.479889" lon="116.570926"><ele>472</ele></trkpt>
      <trkpt lat="40.480134" lon="116.571393"><ele>471</ele></trkpt>
      <trkpt lat="40.480159" lon="116.571839"><ele>469</ele></trkpt>
      <trkpt lat="40.479668" lon="116.571894"><ele>469</ele></trkpt>
      <trkpt lat="40.479267" lon="116.57171"><ele>469</ele></trkpt>
      <trkpt lat="40.478786" lon="116.571716"><ele>470</ele></trkpt>
      <trkpt lat="40.478313" lon="116.571788"><ele>470</ele></trkpt>
      <trkpt lat="40.477856" lon="116.571918"><ele>468</ele></trkpt>
      <trkpt lat="40.477514" lon="116.572073"><ele>467</ele></trkpt>
      <trkpt lat="40.477056" lon="116.572314"><ele>466</ele></trkpt>
      <trkpt lat="40.47662" lon="116.572574"><ele>466</ele></trkpt>
      <trkpt lat="40.476239" lon="116.572941"><ele>466</ele></trkpt>
      <trkpt lat="40.475986" lon="116.573308"><ele>465</ele></trkpt>
      <trkpt lat="40.475788" lon="116.57394"><ele>463</ele></trkpt>
      <trkpt lat="40.47573" lon="116.574485"><ele>463</ele></trkpt>
      <trkpt lat="40.475698" lon="116.575031"><ele>462</ele></trkpt>
      <trkpt lat="40.475682" lon="116.57556"><ele>461</ele></trkpt>
      <trkpt lat="40.47573" lon="116.576205"><ele>460</ele></trkpt>
      <trkpt lat="40.47573" lon="116.576771"><ele>458</ele></trkpt>
      <trkpt lat="40.475623" lon="116.577311"><ele>456</ele></trkpt>
      <trkpt lat="40.475357" lon="116.577759"><ele>454</ele></trkpt>
      <trkpt lat="40.47497" lon="116.578183"><ele>452</ele></trkpt>
      <trkpt lat="40.474571" lon="116.578627"><ele>451</ele></trkpt>
      <trkpt lat="40.474269" lon="116.578953"><ele>449</ele></trkpt>
      <trkpt lat="40.473935" lon="116.57919"><ele>448</ele></trkpt>
      <trkpt lat="40.473481" lon="116.579355"><ele>446</ele></trkpt>
      <trkpt lat="40.473066" lon="116.579508"><ele>442</ele></trkpt>
      <trkpt lat="40.472935" lon="116.580048"><ele>439</ele></trkpt>
      <trkpt lat="40.472936" lon="116.58071"><ele>437</ele></trkpt>
      <trkpt lat="40.473188" lon="116.581123"><ele>436</ele></trkpt>
      <trkpt lat="40.47361" lon="116.581361"><ele>435</ele></trkpt>
      <trkpt lat="40.474092" lon="116.581289"><ele>433</ele></trkpt>
      <trkpt lat="40.474539" lon="116.581182"><ele>431</ele></trkpt>
      <trkpt lat="40.474936" lon="116.581086"><ele>427</ele></trkpt>
      <trkpt lat="40.475424" lon="116.58109"><ele>424</ele></trkpt>
      <trkpt lat="40.475735" lon="116.5814"><ele>424</ele></trkpt>
      <trkpt lat="40.475735" lon="116.582021"><ele>424</ele></trkpt>
      <trkpt lat="40.47555" lon="116.58246"><ele>424</ele></trkpt>
      <trkpt lat="40.475219" lon="116.583015"><ele>423</ele></trkpt>
      <trkpt lat="40.474944" lon="116.583423"><ele>422</ele></trkpt>
      <trkpt lat="40.474559" lon="116.583759"><ele>420</ele></trkpt>
      <trkpt lat="40.474141" lon="116.583979"><ele>418</ele></trkpt>
      <trkpt lat="40.47379" lon="116.584233"><ele>416</ele></trkpt>
      <trkpt lat="40.473472" lon="116.584682"><ele>414</ele></trkpt>
      <trkpt lat="40.473455" lon="116.585204"><ele>411</ele></trkpt>
      <trkpt lat="40.473897" lon="116.585541"><ele>409</ele></trkpt>
      <trkpt lat="40.474285" lon="116.585608"><ele>407</ele></trkpt>
      <trkpt lat="40.474746" lon="116.585712"><ele>405</ele></trkpt>
      <trkpt lat="40.475142" lon="116.585896"><ele>402</ele></trkpt>
      <trkpt lat="40.47536" lon="116.58641"><ele>400</ele></trkpt>
      <trkpt lat="40.475285" lon="116.58699"><ele>400</ele></trkpt>
      <trkpt lat="40.475071" lon="116.587537"><ele>399</ele></trkpt>
      <trkpt lat="40.474732" lon="116.587955"><ele>398</ele></trkpt>
      <trkpt lat="40.474337" lon="116.588259"><ele>396</ele></trkpt>
      <trkpt lat="40.47401" lon="116.588501"><ele>394</ele></trkpt>
      <trkpt lat="40.473576" lon="116.5888"><ele>392</ele></trkpt>
      <trkpt lat="40.473144" lon="116.589061"><ele>390</ele></trkpt>
      <trkpt lat="40.472718" lon="116.58923"><ele>389</ele></trkpt>
      <trkpt lat="40.472257" lon="116.589204"><ele>387</ele></trkpt>
      <trkpt lat="40.471836" lon="116.589091"><ele>387</ele></trkpt>
      <trkpt lat="40.471413" lon="116.588961"><ele>384</ele></trkpt>
      <trkpt lat="40.47096" lon="116.588741"><ele>381</ele></trkpt>
      <trkpt lat="40.470635" lon="116.588507"><ele>379</ele></trkpt>
      <trkpt lat="40.470235" lon="116.588197"><ele>376</ele></trkpt>
      <trkpt lat="40.469806" lon="116.587903"><ele>375</ele></trkpt>
      <trkpt lat="40.469391" lon="116.587781"><ele>374</ele></trkpt>
      <trkpt lat="40.46894" lon="116.587967"><ele>372</ele></trkpt>
      <trkpt lat="40.468656" lon="116.588355"><ele>372</ele></trkpt>
      <trkpt lat="40.468398" lon="116.588792"><ele>372</ele></trkpt>
      <trkpt lat="40.468171" lon="116.589409"><ele>371</ele></trkpt>
      <trkpt lat="40.468049" lon="116.590002"><ele>371</ele></trkpt>
      <trkpt lat="40.467987" lon="116.590475"><ele>370</ele></trkpt>
      <trkpt lat="40.46791" lon="116.591119"><ele>369</ele></trkpt>
      <trkpt lat="40.46789" lon="116.591724"><ele>368</ele></trkpt>
      <trkpt lat="40.468004" lon="116.592282"><ele>367</ele></trkpt>
      <trkpt lat="40.468206" lon="116.59283"><ele>364</ele></trkpt>
      <trkpt lat="40.468366" lon="116.593322"><ele>361</ele></trkpt>
      <trkpt lat="40.468095" lon="116.593725"><ele>356</ele></trkpt>
      <trkpt lat="40.467707" lon="116.593894"><ele>353</ele></trkpt>
      <trkpt lat="40.467285" lon="116.594112"><ele>352</ele></trkpt>
      <trkpt lat="40.466805" lon="116.594315"><ele>351</ele></trkpt>
      <trkpt lat="40.466389" lon="116.594336"><ele>350</ele></trkpt>
      <trkpt lat="40.46593" lon="116.594277"><ele>347</ele></trkpt>
      <trkpt lat="40.465533" lon="116.594222"><ele>347</ele></trkpt>
      <trkpt lat="40.465072" lon="116.594176"><ele>349</ele></trkpt>
      <trkpt lat="40.464566" lon="116.594228"><ele>345</ele></trkpt>
      <trkpt lat="40.46495" lon="116.594312"><ele>343</ele></trkpt>
      <trkpt lat="40.46551" lon="116.594404"><ele>339</ele></trkpt>
      <trkpt lat="40.465829" lon="116.594607"><ele>335</ele></trkpt>
      <trkpt lat="40.465764" lon="116.595071"><ele>333</ele></trkpt>
      <trkpt lat="40.465348" lon="116.595207"><ele>343</ele></trkpt>
      <trkpt lat="40.465093" lon="116.595635"><ele>342</ele></trkpt>
      <trkpt lat="40.465229" lon="116.596195"><ele>340</ele></trkpt>
      <trkpt lat="40.465464" lon="116.596626"><ele>340</ele></trkpt>
      <trkpt lat="40.465712" lon="116.597139"><ele>339</ele></trkpt>
      <trkpt lat="40.465747" lon="116.597718"><ele>337</ele></trkpt>
      <trkpt lat="40.465685" lon="116.598349"><ele>336</ele></trkpt>
      <trkpt lat="40.465514" lon="116.598837"><ele>336</ele></trkpt>
      <trkpt lat="40.46528" lon="116.599355"><ele>335</ele></trkpt>
      <trkpt lat="40.465159" lon="116.599887"><ele>334</ele></trkpt>
      <trkpt lat="40.464998" lon="116.600488"><ele>332</ele></trkpt>
      <trkpt lat="40.464829" lon="116.601063"><ele>331</ele></trkpt>
      <trkpt lat="40.464565" lon="116.601448"><ele>330</ele></trkpt>
      <trkpt lat="40.464141" lon="116.601197"><ele>328</ele></trkpt>
      <trkpt lat="40.463834" lon="116.600829"><ele>326</ele></trkpt>
      <trkpt lat="40.463501" lon="116.600481"><ele>320</ele></trkpt>
      <trkpt lat="40.46307" lon="116.600625"><ele>319</ele></trkpt>
      <trkpt lat="40.462626" lon="116.600616"><ele>322</ele></trkpt>
      <trkpt lat="40.462209" lon="116.600854"><ele>323</ele></trkpt>
      <trkpt lat="40.461764" lon="116.600836"><ele>323</ele></trkpt>
      <trkpt lat="40.461414" lon="116.601092"><ele>320</ele></trkpt>
      <trkpt lat="40.461387" lon="116.601634"><ele>316</ele></trkpt>
      <trkpt lat="40.461481" lon="116.602203"><ele>315</ele></trkpt>
      <trkpt lat="40.461568" lon="116.602724"><ele>310</ele></trkpt>
      <trkpt lat="40.461688" lon="116.603221"><ele>302</ele></trkpt>
      <trkpt lat="40.461663" lon="116.603783"><ele>307</ele></trkpt>
      <trkpt lat="40.461998" lon="116.60417"><ele>305</ele></trkpt>
      <trkpt lat="40.462248" lon="116.604639"><ele>304</ele></trkpt>
      <trkpt lat="40.462247" lon="116.605199"><ele>301</ele></trkpt>
      <trkpt lat="40.462335" lon="116.605764"><ele>301</ele></trkpt>
      <trkpt lat="40.462096" lon="116.606258"><ele>298</ele></trkpt>
      <trkpt lat="40.461677" lon="116.606192"><ele>297</ele></trkpt>
      <trkpt lat="40.461259" lon="116.606259"><ele>295</ele></trkpt>
      <trkpt lat="40.460868" lon="116.606443"><ele>295</ele></trkpt>
      <trkpt lat="40.460464" lon="116.606675"><ele>293</ele></trkpt>
      <trkpt lat="40.460175" lon="116.60712"><ele>294</ele></trkpt>
      <trkpt lat="40.460002" lon="116.607671"><ele>292</ele></trkpt>
      <trkpt lat="40.459878" lon="116.608231"><ele>291</ele></trkpt>
      <trkpt lat="40.459572" lon="116.608382"><ele>289</ele></trkpt>
      <trkpt lat="40.459195" lon="116.60864"><ele>289</ele></trkpt>
      <trkpt lat="40.458814" lon="116.608593"><ele>287</ele></trkpt>
      <trkpt lat="40.458482" lon="116.608233"><ele>287</ele></trkpt>
      <trkpt lat="40.458169" lon="116.607845"><ele>286</ele></trkpt>
      <trkpt lat="40.457902" lon="116.60821"><ele>282</ele></trkpt>
      <trkpt lat="40.458084" lon="116.608741"><ele>282</ele></trkpt>
      <trkpt lat="40.458306" lon="116.609249"><ele>281</ele></trkpt>
      <trkpt lat="40.458663" lon="116.609579"><ele>279</ele></trkpt>
      <trkpt lat="40.458667" lon="116.610134"><ele>278</ele></trkpt>
      <trkpt lat="40.45878" lon="116.610682"><ele>278</ele></trkpt>
      <trkpt lat="40.458861" lon="116.611258"><ele>278</ele></trkpt>
      <trkpt lat="40.458963" lon="116.611829"><ele>277</ele></trkpt>
      <trkpt lat="40.458662" lon="116.612281"><ele>275</ele></trkpt>
      <trkpt lat="40.458253" lon="116.612463"><ele>275</ele></trkpt>
      <trkpt lat="40.457809" lon="116.612565"><ele>273</ele></trkpt>
      <trkpt lat="40.457389" lon="116.612381"><ele>271</ele></trkpt>
      <trkpt lat="40.456965" lon="116.612306"><ele>269</ele></trkpt>
      <trkpt lat="40.456531" lon="116.612164"><ele>268</ele></trkpt>
      <trkpt lat="40.456094" lon="116.612179"><ele>267</ele></trkpt>
      <trkpt lat="40.455742" lon="116.612371"><ele>264</ele></trkpt>
      <trkpt lat="40.455434" lon="116.612758"><ele>263</ele></trkpt>
      <trkpt lat="40.455141" lon="116.612931"><ele>264</ele></trkpt>
      <trkpt lat="40.454733" lon="116.613056"><ele>262</ele></trkpt>
      <trkpt lat="40.454293" lon="116.613041"><ele>259</ele></trkpt>
      <trkpt lat="40.453888" lon="116.612777"><ele>259</ele></trkpt>
      <trkpt lat="40.453569" lon="116.612391"><ele>258</ele></trkpt>
      <trkpt lat="40.453234" lon="116.611992"><ele>256</ele></trkpt>
      <trkpt lat="40.452829" lon="116.611958"><ele>255</ele></trkpt>
      <trkpt lat="40.452394" lon="116.612134"><ele>254</ele></trkpt>
      <trkpt lat="40.452112" lon="116.612501"><ele>253</ele></trkpt>
      <trkpt lat="40.451974" lon="116.613047"><ele>251</ele></trkpt>
      <trkpt lat="40.452103" lon="116.613613"><ele>250</ele></trkpt>
      <trkpt lat="40.452181" lon="116.614208"><ele>248</ele></trkpt>
      <trkpt lat="40.452308" lon="116.614756"><ele>248</ele></trkpt>
      <trkpt lat="40.452482" lon="116.615305"><ele>247</ele></trkpt>
      <trkpt lat="40.452604" lon="116.615856"><ele>246</ele></trkpt>
      <trkpt lat="40.452858" lon="116.616347"><ele>246</ele></trkpt>
      <trkpt lat="40.452989" lon="116.616892"><ele>244</ele></trkpt>
      <trkpt lat="40.453021" lon="116.617474"><ele>244</ele></trkpt>
      <trkpt lat="40.453012" lon="116.618054"><ele>243</ele></trkpt>
      <trkpt lat="40.452899" lon="116.618554"><ele>241</ele></trkpt>
      <trkpt lat="40.452649" lon="116.61898"><ele>242</ele></trkpt>
      <trkpt lat="40.452246" lon="116.618807"><ele>241</ele></trkpt>
      <trkpt lat="40.451823" lon="116.618605"><ele>238</ele></trkpt>
      <trkpt lat="40.451436" lon="116.618335"><ele>237</ele></trkpt>
      <trkpt lat="40.451137" lon="116.617908"><ele>238</ele></trkpt>
      <trkpt lat="40.45098" lon="116.617372"><ele>237</ele></trkpt>
      <trkpt lat="40.450636" lon="116.616969"><ele>236</ele></trkpt>
      <trkpt lat="40.450295" lon="116.616623"><ele>234</ele></trkpt>
      <trkpt lat="40.449971" lon="116.616242"><ele>233</ele></trkpt>
      <trkpt lat="40.449802" lon="116.615673"><ele>232</ele></trkpt>
      <trkpt lat="40.449658" lon="116.615136"><ele>230</ele></trkpt>
      <trkpt lat="40.449271" lon="116.614854"><ele>229</ele></trkpt>
      <trkpt lat="40.44884" lon="116.614947"><ele>229</ele></trkpt>
      <trkpt lat="40.448407" lon="116.61516"><ele>228</ele></trkpt>
      <trkpt lat="40.448074" lon="116.615527"><ele>228</ele></trkpt>
      <trkpt lat="40.447838" lon="116.616025"><ele>228</ele></trkpt>
      <trkpt lat="40.447607" lon="116.616515"><ele>227</ele></trkpt>
      <trkpt lat="40.44768" lon="116.617074"><ele>227</ele></trkpt>
      <trkpt lat="40.447688" lon="116.617662"><ele>226</ele></trkpt>
      <trkpt lat="40.447598" lon="116.618189"><ele>226</ele></trkpt>
      <trkpt lat="40.447683" lon="116.618785"><ele>224</ele></trkpt>
      <trkpt lat="40.447462" lon="116.619142"><ele>225</ele></trkpt>
      <trkpt lat="40.447101" lon="116.619465"><ele>225</ele></trkpt>
      <trkpt lat="40.446667" lon="116.619528"><ele>223</ele></trkpt>
      <trkpt lat="40.446218" lon="116.61937"><ele>223</ele></trkpt>
      <trkpt lat="40.445794" lon="116.619197"><ele>223</ele></trkpt>
      <trkpt lat="40.445382" lon="116.61899"><ele>223</ele></trkpt>
      <trkpt lat="40.444969" lon="116.618768"><ele>223</ele></trkpt>
      <trkpt lat="40.444638" lon="116.618392"><ele>222</ele></trkpt>
      <trkpt lat="40.444299" lon="116.618011"><ele>220</ele></trkpt>
      <trkpt lat="40.44385" lon="116.617928"><ele>225</ele></trkpt>
      <trkpt lat="40.443426" lon="116.617777"><ele>232</ele></trkpt>
      <trkpt lat="40.442992" lon="116.617806"><ele>220</ele></trkpt>
      <trkpt lat="40.442574" lon="116.617951"><ele>210</ele></trkpt>
      <trkpt lat="40.442182" lon="116.618219"><ele>210</ele></trkpt>
      <trkpt lat="40.441768" lon="116.618469"><ele>210</ele></trkpt>
      <trkpt lat="40.441413" lon="116.618318"><ele>209</ele></trkpt>
      <trkpt lat="40.441056" lon="116.618706"><ele>209</ele></trkpt>
      <trkpt lat="40.440681" lon="116.619034"><ele>209</ele></trkpt>
      <trkpt lat="40.440261" lon="116.619223"><ele>208</ele></trkpt>
      <trkpt lat="40.439856" lon="116.619073"><ele>207</ele></trkpt>
      <trkpt lat="40.439463" lon="116.618817"><ele>207</ele></trkpt>
      <trkpt lat="40.4394" lon="116.618254"><ele>206</ele></trkpt>
      <trkpt lat="40.439184" lon="116.617739"><ele>205</ele></trkpt>
      <trkpt lat="40.438747" lon="116.617556"><ele>204</ele></trkpt>
      <trkpt lat="40.43831" lon="116.617578"><ele>204</ele></trkpt>
      <trkpt lat="40.437894" lon="116.617733"><ele>203</ele></trkpt>
      <trkpt lat="40.437556" lon="116.61808"><ele>205</ele></trkpt>
      <trkpt lat="40.437641" lon="116.618663"><ele>204</ele></trkpt>
      <trkpt lat="40.437399" lon="116.619016"><ele>201</ele></trkpt>
      <trkpt lat="40.437465" lon="116.619538"><ele>199</ele></trkpt>
      <trkpt lat="40.437431" lon="116.620116"><ele>199</ele></trkpt>
      <trkpt lat="40.437247" lon="116.620639"><ele>198</ele></trkpt>
      <trkpt lat="40.436828" lon="116.620884"><ele>197</ele></trkpt>
      <trkpt lat="40.436403" lon="116.620783"><ele>198</ele></trkpt>
      <trkpt lat="40.435945" lon="116.620798"><ele>197</ele></trkpt>
      <trkpt lat="40.435499" lon="116.620805"><ele>196</ele></trkpt>
      <trkpt lat="40.435075" lon="116.620921"><ele>195</ele></trkpt>
      <trkpt lat="40.434666" lon="116.620958"><ele>194</ele></trkpt>
      <trkpt lat="40.434207" lon="116.621031"><ele>194</ele></trkpt>
      <trkpt lat="40.433783" lon="116.621211"><ele>192</ele></trkpt>
      <trkpt lat="40.433424" lon="116.62155"><ele>192</ele></trkpt>
      <trkpt lat="40.433254" lon="116.622086"><ele>191</ele></trkpt>
      <trkpt lat="40.433102" lon="116.622613"><ele>190</ele></trkpt>
      <trkpt lat="40.432946" lon="116.623175"><ele>189</ele></trkpt>
      <trkpt lat="40.432862" lon="116.623739"><ele>189</ele></trkpt>
      <trkpt lat="40.432731" lon="116.6243"><ele>189</ele></trkpt>
      <trkpt lat="40.432589" lon="116.624884"><ele>189</ele></trkpt>
      <trkpt lat="40.43241" lon="116.625399"><ele>188</ele></trkpt>
      <trkpt lat="40.432168" lon="116.625755"><ele>187</ele></trkpt>
      <trkpt lat="40.43181" lon="116.625749"><ele>186</ele></trkpt>
      <trkpt lat="40.43137" lon="116.625688"><ele>186</ele></trkpt>
      <trkpt lat="40.431155" lon="116.625312"><ele>189</ele></trkpt>
      <trkpt lat="40.430776" lon="116.625005"><ele>190</ele></trkpt>
      <trkpt lat="40.430457" lon="116.624593"><ele>189</ele></trkpt>
      <trkpt lat="40.430048" lon="116.624408"><ele>188</ele></trkpt>
      <trkpt lat="40.429749" lon="116.623994"><ele>184</ele></trkpt>
      <trkpt lat="40.429409" lon="116.624267"><ele>182</ele></trkpt>
      <trkpt lat="40.429029" lon="116.624108"><ele>154</ele></trkpt>
      <trkpt lat="40.428662" lon="116.623773"><ele>156</ele></trkpt>
      <trkpt lat="40.428248" lon="116.623843"><ele>192</ele></trkpt>
      <trkpt lat="40.427939" lon="116.624256"><ele>193</ele></trkpt>
      <trkpt lat="40.427755" lon="116.624806"><ele>192</ele></trkpt>
      <trkpt lat="40.427852" lon="116.625371"><ele>190</ele></trkpt>
      <trkpt lat="40.42807" lon="116.625869"><ele>189</ele></trkpt>
      <trkpt lat="40.428286" lon="116.626419"><ele>188</ele></trkpt>
      <trkpt lat="40.428399" lon="116.626961"><ele>186</ele></trkpt>
      <trkpt lat="40.428533" lon="116.627531"><ele>183</ele></trkpt>
      <trkpt lat="40.428663" lon="116.62806"><ele>181</ele></trkpt>
      <trkpt lat="40.428262" lon="116.627976"><ele>177</ele></trkpt>
      <trkpt lat="40.427905" lon="116.628152"><ele>174</ele></trkpt>
      <trkpt lat="40.427912" lon="116.628715"><ele>175</ele></trkpt>
      <trkpt lat="40.427834" lon="116.629238"><ele>178</ele></trkpt>
      <trkpt lat="40.427402" lon="116.629398"><ele>179</ele></trkpt>
      <trkpt lat="40.426971" lon="116.629537"><ele>179</ele></trkpt>
      <trkpt lat="40.426517" lon="116.629532"><ele>179</ele></trkpt>
      <trkpt lat="40.426089" lon="116.629443"><ele>178</ele></trkpt>
      <trkpt lat="40.425658" lon="116.629303"><ele>177</ele></trkpt>
      <trkpt lat="40.425675" lon="116.628755"><ele>178</ele></trkpt>
      <trkpt lat="40.425552" lon="116.628245"><ele>185</ele></trkpt>
      <trkpt lat="40.425106" lon="116.628251"><ele>186</ele></trkpt>
      <trkpt lat="40.424674" lon="116.628144"><ele>186</ele></trkpt>
      <trkpt lat="40.424228" lon="116.628179"><ele>186</ele></trkpt>
      <trkpt lat="40.424078" lon="116.627721"><ele>190</ele></trkpt>
      <trkpt lat="40.423781" lon="116.62809"><ele>191</ele></trkpt>
      <trkpt lat="40.423436" lon="116.628427"><ele>191</ele></trkpt>
      <trkpt lat="40.422834" lon="116.628407"><ele>190</ele></trkpt>
      <trkpt lat="40.422776" lon="116.628288"><ele>190</ele></trkpt>
      <trkpt lat="40.42255" lon="116.627812"><ele>190</ele></trkpt>
      <trkpt lat="40.422421" lon="116.627374"><ele>190</ele></trkpt>
      <trkpt lat="40.422394" lon="116.626832"><ele>191</ele></trkpt>
      <trkpt lat="40.421258" lon="116.626447"><ele>191</ele></trkpt>
      <trkpt lat="40.421154" lon="116.626289"><ele>191</ele></trkpt>
      <trkpt lat="40.420759" lon="116.626191"><ele>188</ele></trkpt>
      <trkpt lat="40.420722" lon="116.626553"><ele>173</ele></trkpt>
      <trkpt lat="40.420451" lon="116.627015"><ele>162</ele></trkpt>
      <trkpt lat="40.420144" lon="116.627453"><ele>158</ele></trkpt>
      <trkpt lat="40.420088" lon="116.62794"><ele>157</ele></trkpt>
      <trkpt lat="40.419785" lon="116.628388"><ele>155</ele></trkpt>
      <trkpt lat="40.419624" lon="116.628907"><ele>154</ele></trkpt>
      <trkpt lat="40.419406" lon="116.629438"><ele>155</ele></trkpt>
      <trkpt lat="40.419165" lon="116.629905"><ele>155</ele></trkpt>
      <trkpt lat="40.41895" lon="116.630428"><ele>158</ele></trkpt>
      <trkpt lat="40.418636" lon="116.630825"><ele>160</ele></trkpt>
      <trkpt lat="40.41821" lon="116.631019"><ele>160</ele></trkpt>
      <trkpt lat="40.417817" lon="116.631172"><ele>160</ele></trkpt>
      <trkpt lat="40.417384" lon="116.631131"><ele>154</ele></trkpt>
      <trkpt lat="40.416963" lon="116.630895"><ele>153</ele></trkpt>
      <trkpt lat="40.416526" lon="116.630804"><ele>149</ele></trkpt>
      <trkpt lat="40.416102" lon="116.63064"><ele>150</ele></trkpt>
      <trkpt lat="40.415667" lon="116.630607"><ele>150</ele></trkpt>
      <trkpt lat="40.415259" lon="116.630771"><ele>149</ele></trkpt>
      <trkpt lat="40.415339" lon="116.631299"><ele>146</ele></trkpt>
      <trkpt lat="40.41565" lon="116.631694"><ele>145</ele></trkpt>
      <trkpt lat="40.416013" lon="116.632058"><ele>145</ele></trkpt>
      <trkpt lat="40.416395" lon="116.632381"><ele>144</ele></trkpt>
      <trkpt lat="40.416778" lon="116.632683"><ele>144</ele></trkpt>
      <trkpt lat="40.417165" lon="116.633002"><ele>143</ele></trkpt>
      <trkpt lat="40.417544" lon="116.633328"><ele>143</ele></trkpt>
      <trkpt lat="40.417885" lon="116.633667"><ele>143</ele></trkpt>
      <trkpt lat="40.418242" lon="116.63406"><ele>143</ele></trkpt>
      <trkpt lat="40.418303" lon="116.634488"><ele>143</ele></trkpt>
      <trkpt lat="40.418343" lon="116.635052"><ele>106</ele></trkpt>
      <trkpt lat="40.418492" lon="116.635607"><ele>106</ele></trkpt>
      <trkpt lat="40.418538" lon="116.636198"><ele>105</ele></trkpt>
      <trkpt lat="40.418426" lon="116.636749"><ele>104</ele></trkpt>
      <trkpt lat="40.418168" lon="116.637208"><ele>104</ele></trkpt>
      <trkpt lat="40.417759" lon="116.637413"><ele>103</ele></trkpt>
      <trkpt lat="40.417302" lon="116.637483"><ele>104</ele></trkpt>
      <trkpt lat="40.416875" lon="116.6377"><ele>103</ele></trkpt>
      <trkpt lat="40.416431" lon="116.637801"><ele>101</ele></trkpt>
      <trkpt lat="40.416001" lon="116.637933"><ele>101</ele></trkpt>
      <trkpt lat="40.415559" lon="116.638095"><ele>101</ele></trkpt>
      <trkpt lat="40.415145" lon="116.638219"><ele>101</ele></trkpt>
      <trkpt lat="40.414698" lon="116.638374"><ele>101</ele></trkpt>
      <trkpt lat="40.414251" lon="116.638477"><ele>100</ele></trkpt>
      <trkpt lat="40.41384" lon="116.638668"><ele>98</ele></trkpt>
      <trkpt lat="40.413473" lon="116.638618"><ele>98</ele></trkpt>
      <trkpt lat="40.413084" lon="116.638351"><ele>99</ele></trkpt>
      <trkpt lat="40.412703" lon="116.638176"><ele>97</ele></trkpt>
      <trkpt lat="40.412709" lon="116.638694"><ele>100</ele></trkpt>
      <trkpt lat="40.412315" lon="116.6389"><ele>112</ele></trkpt>
      <trkpt lat="40.412545" lon="116.639366"><ele>112</ele></trkpt>
      <trkpt lat="40.412294" lon="116.639589"><ele>99</ele></trkpt>
      <trkpt lat="40.411953" lon="116.639998"><ele>91</ele></trkpt>
      <trkpt lat="40.411581" lon="116.640311"><ele>93</ele></trkpt>
      <trkpt lat="40.41166" lon="116.640746"><ele>95</ele></trkpt>
      <trkpt lat="40.412006" lon="116.641075"><ele>94</ele></trkpt>
      <trkpt lat="40.412389" lon="116.641428"><ele>94</ele></trkpt>
      <trkpt lat="40.412731" lon="116.64176"><ele>93</ele></trkpt>
      <trkpt lat="40.413132" lon="116.642104"><ele>92</ele></trkpt>
      <trkpt lat="40.413491" lon="116.642431"><ele>91</ele></trkpt>
      <trkpt lat="40.413849" lon="116.642784"><ele>92</ele></trkpt>
      <trkpt lat="40.414157" lon="116.643191"><ele>93</ele></trkpt>
      <trkpt lat="40.414317" lon="116.643736"><ele>93</ele></trkpt>
      <trkpt lat="40.414152" lon="116.644283"><ele>94</ele></trkpt>
      <trkpt lat="40.413779" lon="116.644565"><ele>95</ele></trkpt>
      <trkpt lat="40.413357" lon="116.644885"><ele>96</ele></trkpt>
      <trkpt lat="40.412975" lon="116.645182"><ele>98</ele></trkpt>
      <trkpt lat="40.412616" lon="116.64546"><ele>98</ele></trkpt>
      <trkpt lat="40.412215" lon="116.645765"><ele>97</ele></trkpt>
      <trkpt lat="40.411853" lon="116.646068"><ele>95</ele></trkpt>
      <trkpt lat="40.411417" lon="116.646359"><ele>92</ele></trkpt>
      <trkpt lat="40.411054" lon="116.646603"><ele>90</ele></trkpt>
      <trkpt lat="40.410932" lon="116.647101"><ele>89</ele></trkpt>
      <trkpt lat="40.410873" lon="116.647646"><ele>87</ele></trkpt>
      <trkpt lat="40.410617" lon="116.647855"><ele>88</ele></trkpt>
      <trkpt lat="40.410331" lon="116.648061"><ele>95</ele></trkpt>
      <trkpt lat="40.410017" lon="116.647661"><ele>111</ele></trkpt>
      <trkpt lat="40.409939" lon="116.647186"><ele>126</ele></trkpt>
      <trkpt lat="40.410063" lon="116.646625"><ele>140</ele></trkpt>
      <trkpt lat="40.409996" lon="116.646071"><ele>149</ele></trkpt>
      <trkpt lat="40.409779" lon="116.645741"><ele>151</ele></trkpt>
      <trkpt lat="40.40938" lon="116.645702"><ele>154</ele></trkpt>
      <trkpt lat="40.408978" lon="116.645705"><ele>154</ele></trkpt>
      <trkpt lat="40.408565" lon="116.645669"><ele>154</ele></trkpt>
      <trkpt lat="40.408302" lon="116.645242"><ele>153</ele></trkpt>
      <trkpt lat="40.407983" lon="116.645278"><ele>153</ele></trkpt>
      <trkpt lat="40.407681" lon="116.645566"><ele>153</ele></trkpt>
      <trkpt lat="40.407261" lon="116.645572"><ele>154</ele></trkpt>
      <trkpt lat="40.407004" lon="116.645257"><ele>154</ele></trkpt>
      <trkpt lat="40.406746" lon="116.644817"><ele>154</ele></trkpt>
      <trkpt lat="40.40659" lon="116.644247"><ele>154</ele></trkpt>
      <trkpt lat="40.406264" lon="116.644262"><ele>154</ele></trkpt>
      <trkpt lat="40.406118" lon="116.644744"><ele>154</ele></trkpt>
      <trkpt lat="40.405889" lon="116.645229"><ele>154</ele></trkpt>
      <trkpt lat="40.405918" lon="116.645762"><ele>154</ele></trkpt>
      <trkpt lat="40.405598" lon="116.64615"><ele>154</ele></trkpt>
      <trkpt lat="40.405161" lon="116.646262"><ele>154</ele></trkpt>
      <trkpt lat="40.404715" lon="116.646245"><ele>154</ele></trkpt>
      <trkpt lat="40.404402" lon="116.64583"><ele>154</ele></trkpt>
      <trkpt lat="40.404048" lon="116.645927"><ele>154</ele></trkpt>
      <trkpt lat="40.40393" lon="116.646478"><ele>154</ele></trkpt>
      <trkpt lat="40.403503" lon="116.646354"><ele>154</ele></trkpt>
      <trkpt lat="40.403281" lon="116.646812"><ele>154</ele></trkpt>
      <trkpt lat="40.403173" lon="116.647331"><ele>154</ele></trkpt>
      <trkpt lat="40.402826" lon="116.647671"><ele>153</ele></trkpt>
      <trkpt lat="40.40258" lon="116.648057"><ele>154</ele></trkpt>
      <trkpt lat="40.402332" lon="116.648463"><ele>154</ele></trkpt>
      <trkpt lat="40.402041" lon="116.648819"><ele>154</ele></trkpt>
      <trkpt lat="40.401841" lon="116.648345"><ele>153</ele></trkpt>
      <trkpt lat="40.401945" lon="116.647796"><ele>154</ele></trkpt>
      <trkpt lat="40.401605" lon="116.647535"><ele>152</ele></trkpt>
      <trkpt lat="40.401305" lon="116.647917"><ele>154</ele></trkpt>
      <trkpt lat="40.401007" lon="116.648044"><ele>154</ele></trkpt>
      <trkpt lat="40.400649" lon="116.647684"><ele>154</ele></trkpt>
      <trkpt lat="40.400228" lon="116.647507"><ele>154</ele></trkpt>
      <trkpt lat="40.399887" lon="116.647137"><ele>154</ele></trkpt>
      <trkpt lat="40.399566" lon="116.646762"><ele>154</ele></trkpt>
      <trkpt lat="40.399111" lon="116.646772"><ele>154</ele></trkpt>
      <trkpt lat="40.398701" lon="116.646968"><ele>154</ele></trkpt>
      <trkpt lat="40.398576" lon="116.647484"><ele>153</ele></trkpt>
      <trkpt lat="40.398174" lon="116.647745"><ele>143</ele></trkpt>
      <trkpt lat="40.397739" lon="116.647894"><ele>136</ele></trkpt>
      <trkpt lat="40.397427" lon="116.648072"><ele>132</ele></trkpt>
      <trkpt lat="40.397662" lon="116.648532"><ele>122</ele></trkpt>
      <trkpt lat="40.397872" lon="116.64904"><ele>113</ele></trkpt>
      <trkpt lat="40.397833" lon="116.649585"><ele>107</ele></trkpt>
      <trkpt lat="40.397489" lon="116.649927"><ele>97</ele></trkpt>
      <trkpt lat="40.397352" lon="116.650418"><ele>108</ele></trkpt>
      <trkpt lat="40.396941" lon="116.650195"><ele>109</ele></trkpt>
      <trkpt lat="40.396616" lon="116.649833"><ele>115</ele></trkpt>
      <trkpt lat="40.396355" lon="116.649371"><ele>118</ele></trkpt>
      <trkpt lat="40.396018" lon="116.649157"><ele>121</ele></trkpt>
      <trkpt lat="40.395653" lon="116.64887"><ele>128</ele></trkpt>
      <trkpt lat="40.395243" lon="116.648677"><ele>136</ele></trkpt>
      <trkpt lat="40.39488" lon="116.648431"><ele>138</ele></trkpt>
      <trkpt lat="40.394644" lon="116.648914"><ele>137</ele></trkpt>
      <trkpt lat="40.39427" lon="116.64863"><ele>125</ele></trkpt>
      <trkpt lat="40.39394" lon="116.648306"><ele>125</ele></trkpt>
      <trkpt lat="40.393558" lon="116.648026"><ele>122</ele></trkpt>
      <trkpt lat="40.393229" lon="116.64765"><ele>126</ele></trkpt>
      <trkpt lat="40.39285" lon="116.64754"><ele>139</ele></trkpt>
      <trkpt lat="40.392478" lon="116.647685"><ele>160</ele></trkpt>
      <trkpt lat="40.392113" lon="116.647672"><ele>172</ele></trkpt>
      <trkpt lat="40.391778" lon="116.647275"><ele>184</ele></trkpt>
      <trkpt lat="40.391514" lon="116.646793"><ele>191</ele></trkpt>
      <trkpt lat="40.391311" lon="116.646277"><ele>187</ele></trkpt>
      <trkpt lat="40.391245" lon="116.645701"><ele>181</ele></trkpt>
      <trkpt lat="40.391127" lon="116.645166"><ele>176</ele></trkpt>
      <trkpt lat="40.390853" lon="116.644704"><ele>188</ele></trkpt>
      <trkpt lat="40.390527" lon="116.644291"><ele>198</ele></trkpt>
      <trkpt lat="40.390216" lon="116.643974"><ele>207</ele></trkpt>
      <trkpt lat="40.390062" lon="116.64346"><ele>216</ele></trkpt>
      <trkpt lat="40.389832" lon="116.642957"><ele>228</ele></trkpt>
      <trkpt lat="40.389467" lon="116.642606"><ele>238</ele></trkpt>
      <trkpt lat="40.38909" lon="116.642305"><ele>245</ele></trkpt>
      <trkpt lat="40.388641" lon="116.642323"><ele>245</ele></trkpt>
      <trkpt lat="40.388215" lon="116.642462"><ele>244</ele></trkpt>
      <trkpt lat="40.388108" lon="116.642882"><ele>237</ele></trkpt>
      <trkpt lat="40.387892" lon="116.643079"><ele>226</ele></trkpt>
      <trkpt lat="40.387725" lon="116.64348"><ele>211</ele></trkpt>
      <trkpt lat="40.38779" lon="116.643964"><ele>191</ele></trkpt>
      <trkpt lat="40.387598" lon="116.644204"><ele>179</ele></trkpt>
      <trkpt lat="40.387407" lon="116.644545"><ele>157</ele></trkpt>
      <trkpt lat="40.387126" lon="116.644083"><ele>156</ele></trkpt>
      <trkpt lat="40.386686" lon="116.644071"><ele>156</ele></trkpt>
      <trkpt lat="40.386301" lon="116.64422"><ele>156</ele></trkpt>
      <trkpt lat="40.386005" lon="116.643906"><ele>156</ele></trkpt>
      <trkpt lat="40.385692" lon="116.643698"><ele>156</ele></trkpt>
      <trkpt lat="40.385366" lon="116.644023"><ele>156</ele></trkpt>
      <trkpt lat="40.384925" lon="116.643927"><ele>156</ele></trkpt>
      <trkpt lat="40.38465" lon="116.643518"><ele>156</ele></trkpt>
      <trkpt lat="40.38455" lon="116.643032"><ele>156</ele></trkpt>
      <trkpt lat="40.384104" lon="116.642942"><ele>156</ele></trkpt>
      <trkpt lat="40.383952" lon="116.642442"><ele>156</ele></trkpt>
      <trkpt lat="40.384059" lon="116.641892"><ele>156</ele></trkpt>
      <trkpt lat="40.38403" lon="116.641395"><ele>156</ele></trkpt>
      <trkpt lat="40.384023" lon="116.640818"><ele>155</ele></trkpt>
      <trkpt lat="40.38361" lon="116.640624"><ele>155</ele></trkpt>
      <trkpt lat="40.383173" lon="116.640585"><ele>156</ele></trkpt>
      <trkpt lat="40.383158" lon="116.640016"><ele>156</ele></trkpt>
      <trkpt lat="40.383035" lon="116.639514"><ele>156</ele></trkpt>
      <trkpt lat="40.382603" lon="116.639467"><ele>143</ele></trkpt>
      <trkpt lat="40.382261" lon="116.639709"><ele>119</ele></trkpt>
      <trkpt lat="40.382298" lon="116.640292"><ele>119</ele></trkpt>
      <trkpt lat="40.3823" lon="116.640843"><ele>117</ele></trkpt>
      <trkpt lat="40.382019" lon="116.641061"><ele>114</ele></trkpt>
      <trkpt lat="40.381836" lon="116.641478"><ele>109</ele></trkpt>
      <trkpt lat="40.381763" lon="116.642047"><ele>109</ele></trkpt>
      <trkpt lat="40.38166" lon="116.642617"><ele>109</ele></trkpt>
      <trkpt lat="40.381399" lon="116.643056"><ele>108</ele></trkpt>
      <trkpt lat="40.380955" lon="116.643094"><ele>107</ele></trkpt>
      <trkpt lat="40.380723" lon="116.64341"><ele>105</ele></trkpt>
      <trkpt lat="40.380297" lon="116.643562"><ele>105</ele></trkpt>
      <trkpt lat="40.380144" lon="116.643898"><ele>103</ele></trkpt>
      <trkpt lat="40.380252" lon="116.644463"><ele>104</ele></trkpt>
      <trkpt lat="40.380424" lon="116.645004"><ele>104</ele></trkpt>
      <trkpt lat="40.380542" lon="116.645576"><ele>104</ele></trkpt>
      <trkpt lat="40.380673" lon="116.646137"><ele>103</ele></trkpt>
      <trkpt lat="40.380785" lon="116.646696"><ele>102</ele></trkpt>
      <trkpt lat="40.380853" lon="116.647279"><ele>100</ele></trkpt>
      <trkpt lat="40.380907" lon="116.647872"><ele>98</ele></trkpt>
      <trkpt lat="40.38094" lon="116.648454"><ele>96</ele></trkpt>
      <trkpt lat="40.380998" lon="116.649037"><ele>96</ele></trkpt>
      <trkpt lat="40.381065" lon="116.649619"><ele>95</ele></trkpt>
      <trkpt lat="40.381309" lon="116.650103"><ele>94</ele></trkpt>
      <trkpt lat="40.381211" lon="116.650659"><ele>92</ele></trkpt>
      <trkpt lat="40.38107" lon="116.651224"><ele>92</ele></trkpt>
      <trkpt lat="40.380922" lon="116.65178"><ele>91</ele></trkpt>
      <trkpt lat="40.380755" lon="116.65233"><ele>89</ele></trkpt>
      <trkpt lat="40.380514" lon="116.652817"><ele>87</ele></trkpt>
      <trkpt lat="40.380257" lon="116.653313"><ele>83</ele></trkpt>
      <trkpt lat="40.380046" lon="116.653819"><ele>76</ele></trkpt>
      <trkpt lat="40.379864" lon="116.654335"><ele>72</ele></trkpt>
      <trkpt lat="40.379494" lon="116.654661"><ele>68</ele></trkpt>
      <trkpt lat="40.379086" lon="116.654887"><ele>69</ele></trkpt>
      <trkpt lat="40.378717" lon="116.655041"><ele>69</ele></trkpt>
      <trkpt lat="40.378491" lon="116.654612"><ele>68</ele></trkpt>
      <trkpt lat="40.378037" lon="116.654646"><ele>68</ele></trkpt>
      <trkpt lat="40.377587" lon="116.654666"><ele>68</ele></trkpt>
      <trkpt lat="40.377141" lon="116.654695"><ele>68</ele></trkpt>
      <trkpt lat="40.377046" lon="116.654164"><ele>69</ele></trkpt>
      <trkpt lat="40.377032" lon="116.653585"><ele>69</ele></trkpt>
      <trkpt lat="40.376971" lon="116.653002"><ele>70</ele></trkpt>
      <trkpt lat="40.37663" lon="116.653147"><ele>69</ele></trkpt>
      <trkpt lat="40.376185" lon="116.653146"><ele>69</ele></trkpt>
      <trkpt lat="40.376069" lon="116.653063"><ele>69</ele></trkpt>
    </trkseg>
  </trk>
</gpx>
